insert into central_manager (username_cm, password) values ('admin', 'IamTheAdmin');

insert into Library_Manager (username_libm, password) values ('bfouch0', 'XxkujK0m9');
insert into Library_Manager (username_libm, password) values ('ehamments1', '3etqnpS');
insert into Library_Manager (username_libm, password) values ('fdoyle2', 'dVFJB9qMxc');
insert into Library_Manager (username_libm, password) values ('fsturgeon3', 'USdkpqxHi91');

insert into School_Unit (phone_number, name, postal_code, city, email, principal_name, username_libm) values ('817-231-4141', '1ο Λύκειο Αχαρνών', 13675, 'Proletar', 'phoble0@washingtonpost.com', 'Padgett Hoble', 'bfouch0');
insert into School_Unit (phone_number, name, postal_code, city, email, principal_name, username_libm) values ('401-340-6469', 'Βαρβάκειο', 15452, 'Chemin Grenier', 'qgritsunov1@nationalgeographic.com', 'Quintilla Gritsunov', 'ehamments1');
insert into School_Unit (phone_number, name, postal_code, city, email, principal_name, username_libm) values ('148-108-2401', '1ο Γυμνάσιο Γιαννιστών', 58100, 'Cardal', 'aoldacre2@slate.com', 'Aprilette Oldacre', 'dVFJB9qMxc');
insert into School_Unit (phone_number, name, postal_code, city, email, principal_name, username_libm) values ('453-421-9791', '1ο Γυμνάσιο Σπάρτης', 23100, 'Duncan', 'bkoppke3@europa.eu', 'Burnard Koppke', 'USdkpqxHi91');

insert into Book (isbn, title, publisher, no_of_pages, available_copies, image, language) values ('958166669-9', 'No One Dies in Lily Dale', 'Wiley', 605, 3, '21695-056', 'Kurdish');
insert into Book (isbn, title, publisher, no_of_pages, available_copies, image, language) values ('109770050-X', 'Desperados, The', 'Pearson', 121, 8, '37012-074', 'Kurdish');
insert into Book (isbn, title, publisher, no_of_pages, available_copies, image, language) values ('781417377-9', 'Daredevil', 'Harvard University Press', 421, 3, '51079-524', 'Punjabi');
insert into Book (isbn, title, publisher, no_of_pages, available_copies, image, language) values ('270619755-2', 'The Broken Jug', 'Cambridge University Press', 251, 8, '0555-9050', 'Guaraní');
insert into Book (isbn, title, publisher, no_of_pages, available_copies, image, language) values ('079636994-1', 'Confessions of a Gangsta', 'Elsevier', 359, 7, '0135-0234', 'Latvian');
insert into Book (isbn, title, publisher, no_of_pages, available_copies, image, language) values ('999476409-8', 'Winter of Discontent', 'Springer Nature', 30, 3, '52685-425', 'Marathi');
insert into Book (isbn, title, publisher, no_of_pages, available_copies, image, language) values ('930759452-X', 'Cold Turkey', '', 745, 1, '42794-019', 'Marathi');
insert into Book (isbn, title, publisher, no_of_pages, available_copies, image, language) values ('583287701-2', 'The Hire: Powder Keg', 'McGraw Hill Education', 172, 4, '63629-3795', 'Icelandic');
insert into Book (isbn, title, publisher, no_of_pages, available_copies, image, language) values ('385253339-2', 'Metallica: Some Kind of Monster', 'Penguin Random House', 81, 9, '64942-1237', 'Macedonian');
insert into Book (isbn, title, publisher, no_of_pages, available_copies, image, language) values ('038634678-X', 'School Ties', 'Brill Publishers', 474, 3, '68428-150', 'Malagasy');
insert into Book (isbn, title, publisher, no_of_pages, available_copies, image, language) values ('847980543-9', 'Hi-Life', 'Wiley', 71, 9, '68788-9051', 'Malayalam');
insert into Book (isbn, title, publisher, no_of_pages, available_copies, image, language) values ('634981305-7', 'Ulee''s Gold', 'Taylor & Francis', 717, 3, '10812-509', 'Lithuanian');
insert into Book (isbn, title, publisher, no_of_pages, available_copies, image, language) values ('559694780-6', 'National Lampoon''s Senior Trip', 'Scholastic Corporation', 45, 5, '52125-574', 'Pashto');
insert into Book (isbn, title, publisher, no_of_pages, available_copies, image, language) values ('919157986-4', 'Zero Theorem, The', 'Chicago Review Press', 60, 2, '65044-5008', 'Tsonga');
insert into Book (isbn, title, publisher, no_of_pages, available_copies, image, language) values ('335026974-5', 'On Dangerous Ground', 'Brill Publishers', 600, 1, '53499-5348', 'Kashmiri');
insert into Book (isbn, title, publisher, no_of_pages, available_copies, image, language) values ('580940561-4', 'Fire Within, The (Feu follet, Le)', 'Chicago Review Press', 266, 2, '65055-201', 'Icelandic');
insert into Book (isbn, title, publisher, no_of_pages, available_copies, image, language) values ('923988156-5', 'Beautiful Girl', 'Elsevier', 675, 1, '0378-8021', 'Kannada');
insert into Book (isbn, title, publisher, no_of_pages, available_copies, image, language) values ('445770273-0', 'Orderers (Les ordres)', 'Penguin Random House', 269, 8, '11527-052', 'Northern Sotho');
insert into Book (isbn, title, publisher, no_of_pages, available_copies, image, language) values ('457687794-1', 'House of the Devil, The', 'Quirk Books', 308, 9, '22700-154', 'Tok Pisin');
insert into Book (isbn, title, publisher, no_of_pages, available_copies, image, language) values ('867204930-6', 'Stepford Wives, The', 'Pearson', 166, 2, '64679-717', 'Tswana');
insert into Book (isbn, title, publisher, no_of_pages, available_copies, image, language) values ('540895810-8', 'George Lopez: America''s Mexican', 'Penguin Random House LLC.', 205, 1, '51514-0313', 'Kyrgyz');
insert into Book (isbn, title, publisher, no_of_pages, available_copies, image, language) values ('120989562-5', 'Jesus of Montreal (Jésus de Montréal)', 'Simon & Schuster', 339, 1, '68788-9815', 'Nepali');
insert into Book (isbn, title, publisher, no_of_pages, available_copies, image, language) values ('886716966-1', 'Across the Wide Missouri', 'Macmillan Publishers', 540, 4, '68180-198', 'Tsonga');
insert into Book (isbn, title, publisher, no_of_pages, available_copies, image, language) values ('630857188-1', 'Fifty-Fifty', 'Oxford University Press', 828, 7, '68647-194', 'Pashto');
insert into Book (isbn, title, publisher, no_of_pages, available_copies, image, language) values ('643352451-6', 'Myth of the American Sleepover, The', 'HarperCollins', 760, 3, '67172-898', 'Swati');
insert into Book (isbn, title, publisher, no_of_pages, available_copies, image, language) values ('562441032-8', 'Ten', 'Taylor & Francis', 177, 2, '49348-246', 'Tsonga');
insert into Book (isbn, title, publisher, no_of_pages, available_copies, image, language) values ('311758631-8', 'Evidence', 'Penguin Random House', 181, 8, '54218-500', 'Persian');
insert into Book (isbn, title, publisher, no_of_pages, available_copies, image, language) values ('150437244-1', 'Lulu in Berlin', 'Brill Publishers', 526, 3, '25280-004', 'Afrikaans');
insert into Book (isbn, title, publisher, no_of_pages, available_copies, image, language) values ('004209049-0', 'Diamond Arm, The (Brilliantovaya ruka)', '', 681, 5, '52544-161', 'Bislama');
insert into Book (isbn, title, publisher, no_of_pages, available_copies, image, language) values ('095642003-6', '20 Dates', 'Brill Publishers', 297, 9, '43419-367', 'Norwegian');
insert into Book (isbn, title, publisher, no_of_pages, available_copies, image, language) values ('275492398-5', 'Danger: Diabolik (Diabolik)', 'Quirk Books', 434, 8, '0363-1000', 'Catalan');
insert into Book (isbn, title, publisher, no_of_pages, available_copies, image, language) values ('782157913-0', 'StarStruck', 'Cambridge University Press', 849, 3, '0007-4140', 'Maltese');
insert into Book (isbn, title, publisher, no_of_pages, available_copies, image, language) values ('410601877-2', 'Brotherhood, The', 'Springer Nature', 779, 2, '54868-6342', 'Armenian');
insert into Book (isbn, title, publisher, no_of_pages, available_copies, image, language) values ('588612284-2', 'Sabrina', 'Oxford University Press', 504, 4, '42858-902', 'Finnish');
insert into Book (isbn, title, publisher, no_of_pages, available_copies, image, language) values ('257326336-3', 'Barbarian Queen', 'HarperCollins', 630, 6, '68788-9208', 'Czech');
insert into Book (isbn, title, publisher, no_of_pages, available_copies, image, language) values ('971882241-0', 'Garage Days', 'Houghton Mifflin Harcourt', 280, 8, '62211-312', 'Lithuanian');
insert into Book (isbn, title, publisher, no_of_pages, available_copies, image, language) values ('953027496-3', 'Taste of Honey, A', 'Oxford University Press', 468, 1, '0268-6129', 'Tsonga');
insert into Book (isbn, title, publisher, no_of_pages, available_copies, image, language) values ('708451019-2', 'Broadway Idiot', 'Hachette Livre', 824, 9, '37000-129', 'Māori');
insert into Book (isbn, title, publisher, no_of_pages, available_copies, image, language) values ('706600846-4', 'Hospital', 'Simon & Schuster', 288, 8, '52125-377', 'Malayalam');
insert into Book (isbn, title, publisher, no_of_pages, available_copies, image, language) values ('064405569-3', 'Indian Summer (a.k.a. The Professor) (La prima notte di quiete)', 'Penguin Random House', 37, 8, '59726-170', 'Hiri Motu');
insert into Book (isbn, title, publisher, no_of_pages, available_copies, image, language) values ('435576443-5', 'April Captains (Capitães de Abril)', 'Chicago Review Press', 140, 8, '54868-5081', 'Swahili');
insert into Book (isbn, title, publisher, no_of_pages, available_copies, image, language) values ('641730241-5', 'Everything About Mustafa (Mustafa hakkinda hersey)', 'Bloomsbury Publishing', 107, 1, '54868-6171', 'Czech');
insert into Book (isbn, title, publisher, no_of_pages, available_copies, image, language) values ('343997367-0', 'Haiku Tunnel', 'Chronicle Books', 769, 2, '17089-388', 'Yiddish');
insert into Book (isbn, title, publisher, no_of_pages, available_copies, image, language) values ('698884074-5', 'Campus Radio', 'Wiley', 192, 8, '63539-012', 'Quechua');
insert into Book (isbn, title, publisher, no_of_pages, available_copies, image, language) values ('710129604-1', 'Easter Parade', 'Wiley', 690, 9, '61300-0001', 'Kashmiri');
insert into Book (isbn, title, publisher, no_of_pages, available_copies, image, language) values ('796385909-5', 'Lowlands (Tiefland)', 'Simon & Schuster', 214, 4, '64117-972', 'Armenian');
insert into Book (isbn, title, publisher, no_of_pages, available_copies, image, language) values ('972051736-0', 'Lille Fridolf and I', 'McGraw Hill Education', 384, 7, '55111-134', 'Belarusian');
insert into Book (isbn, title, publisher, no_of_pages, available_copies, image, language) values ('080616372-0', 'Story of Maths, The', 'Wiley', 468, 4, '11673-914', 'Macedonian');
insert into Book (isbn, title, publisher, no_of_pages, available_copies, image, language) values ('021192483-0', 'Smooth Talk', 'Palgrave Macmillan', 184, 1, '68382-123', 'Maltese');
insert into Book (isbn, title, publisher, no_of_pages, available_copies, image, language) values ('361399554-9', 'Marquis', 'Simon & Schuster', 196, 3, '0093-0787', 'Somali');
insert into Book (isbn, title, publisher, no_of_pages, available_copies, image, language) values ('274397070-7', 'Adventures of Tarzan', 'Taylor & Francis', 245, 4, '66993-466', 'Kyrgyz');
insert into Book (isbn, title, publisher, no_of_pages, available_copies, image, language) values ('039708763-2', 'Ghostbusters (a.k.a. Ghost Busters)', 'Taylor & Francis', 709, 5, '0409-3217', 'Nepali');
insert into Book (isbn, title, publisher, no_of_pages, available_copies, image, language) values ('234678229-7', 'Alien Autopsy', 'Pearson', 92, 5, '63548-0064', 'Czech');
insert into Book (isbn, title, publisher, no_of_pages, available_copies, image, language) values ('115565021-2', 'Vision Quest', 'HarperCollins', 830, 8, '48951-9045', 'Greek');
insert into Book (isbn, title, publisher, no_of_pages, available_copies, image, language) values ('883334162-3', 'Wedding Party, The', 'Chronicle Books', 351, 2, '0093-7115', 'Romanian');
insert into Book (isbn, title, publisher, no_of_pages, available_copies, image, language) values ('313176239-X', 'Holocaust', 'Macmillan Publishers', 336, 4, '0187-0141', 'Kurdish');
insert into Book (isbn, title, publisher, no_of_pages, available_copies, image, language) values ('341182183-3', 'Branded', 'McGraw Hill Education', 392, 9, '11673-571', 'Finnish');
insert into Book (isbn, title, publisher, no_of_pages, available_copies, image, language) values ('013338867-0', 'Indiscretion of an American Wife (a.k.a. Terminal Station) (Stazione Termini)', 'Harvard University Press', 162, 8, '13630-0050', 'Lao');
insert into Book (isbn, title, publisher, no_of_pages, available_copies, image, language) values ('840102695-4', 'Himizu', 'Chronicle Books', 501, 5, '58133-001', 'Gujarati');
insert into Book (isbn, title, publisher, no_of_pages, available_copies, image, language) values ('717972132-8', 'Panic in Year Zero!', 'Houghton Mifflin Harcourt', 621, 9, '24330-412', 'Korean');
insert into Book (isbn, title, publisher, no_of_pages, available_copies, image, language) values ('264142728-1', 'Elite Squad: The Enemy Within (Tropa de Elite 2 - O Inimigo Agora É Outro)', 'Chicago Review Press', 365, 7, '50458-554', 'Hungarian');
insert into Book (isbn, title, publisher, no_of_pages, available_copies, image, language) values ('814380897-1', 'Charlie Victor Romeo', 'Elsevier', 26, 2, '63981-117', 'Greek');
insert into Book (isbn, title, publisher, no_of_pages, available_copies, image, language) values ('994596141-1', 'Zero Kelvin (Kjærlighetens kjøtere)', 'Simon & Schuster', 167, 9, '0179-0063', 'Dzongkha');
insert into Book (isbn, title, publisher, no_of_pages, available_copies, image, language) values ('675328532-6', 'Next Step, The', 'Macmillan Publishers', 78, 1, '44911-0029', 'Malayalam');
insert into Book (isbn, title, publisher, no_of_pages, available_copies, image, language) values ('279605461-6', 'Boys in Company C, The', 'Chicago Review Press', 378, 6, '59667-0095', 'Norwegian');
insert into Book (isbn, title, publisher, no_of_pages, available_copies, image, language) values ('750969365-9', 'Stand by for Action', 'Taylor & Francis', 763, 8, '41190-544', 'Tok Pisin');
insert into Book (isbn, title, publisher, no_of_pages, available_copies, image, language) values ('495863415-0', 'Dead, The', 'Brill Publishers', 682, 2, '57344-123', 'Moldovan');
insert into Book (isbn, title, publisher, no_of_pages, available_copies, image, language) values ('183616941-8', 'Welcome to the Roses (Bienvenue chez les Rozes)', 'Quirk Books', 467, 2, '64117-296', 'Kazakh');
insert into Book (isbn, title, publisher, no_of_pages, available_copies, image, language) values ('470882169-7', 'Duchess, The', 'Wiley', 465, 4, '42023-163', 'Kashmiri');
insert into Book (isbn, title, publisher, no_of_pages, available_copies, image, language) values ('433205311-7', 'London After Midnight', 'Simon & Schuster', 48, 2, '60681-1703', 'Polish');
insert into Book (isbn, title, publisher, no_of_pages, available_copies, image, language) values ('412015437-8', 'Thor', 'Hachette Livre', 440, 8, '0338-0004', 'Kurdish');
insert into Book (isbn, title, publisher, no_of_pages, available_copies, image, language) values ('529025968-6', 'Electrick Children', 'Bloomsbury Publishing', 516, 8, '0406-0127', 'Khmer');
insert into Book (isbn, title, publisher, no_of_pages, available_copies, image, language) values ('323179765-9', 'Captain Thunder (Capitán Trueno y el Santo Grial, El) (Prince Killian and the Holy Grail)', 'Hachette Livre', 746, 4, '49035-721', 'Bengali');
insert into Book (isbn, title, publisher, no_of_pages, available_copies, image, language) values ('823153426-1', 'Praying with Lior', 'House of Anansi Press', 24, 4, '24236-262', 'Japanese');
insert into Book (isbn, title, publisher, no_of_pages, available_copies, image, language) values ('153937955-8', '25 Watts', 'Bloomsbury Publishing', 344, 2, '11489-072', 'Norwegian');
insert into Book (isbn, title, publisher, no_of_pages, available_copies, image, language) values ('872848191-7', 'Raze', 'Quirk Books', 82, 7, '59779-806', 'Portuguese');
insert into Book (isbn, title, publisher, no_of_pages, available_copies, image, language) values ('555023150-6', 'Map of the Sounds of Tokyo', '', 816, 3, '76439-251', 'Papiamento');
insert into Book (isbn, title, publisher, no_of_pages, available_copies, image, language) values ('446044205-1', 'Chain Reaction', 'Pearson', 763, 1, '48273-007', 'Kurdish');
insert into Book (isbn, title, publisher, no_of_pages, available_copies, image, language) values ('657161036-1', 'Alaska: Silence & Solitude', 'Oxford University Press', 211, 5, '63629-2807', 'Swati');
insert into Book (isbn, title, publisher, no_of_pages, available_copies, image, language) values ('569812248-2', 'April''s Shower', 'Springer Nature', 644, 9, '76485-1012', 'Greek');
insert into Book (isbn, title, publisher, no_of_pages, available_copies, image, language) values ('037866959-1', 'Backlash', 'McGraw Hill Education', 598, 8, '0088-1095', 'English');
insert into Book (isbn, title, publisher, no_of_pages, available_copies, image, language) values ('878012143-8', 'Cheap Thrills', 'HarperCollins', 667, 3, '41520-361', 'Haitian Creole');
insert into Book (isbn, title, publisher, no_of_pages, available_copies, image, language) values ('166615463-6', 'Wild Hunt, The', 'Brill Publishers', 626, 6, '52125-424', 'Dhivehi');
insert into Book (isbn, title, publisher, no_of_pages, available_copies, image, language) values ('438449600-1', 'Philanthropy (Filantropica)', 'House of Anansi Press', 792, 2, '24208-313', 'Moldovan');
insert into Book (isbn, title, publisher, no_of_pages, available_copies, image, language) values ('591686261-X', 'Russell Peters: Outsourced', 'Oxford University Press', 215, 5, '43063-064', 'Afrikaans');
insert into Book (isbn, title, publisher, no_of_pages, available_copies, image, language) values ('799993816-5', 'The Boogens', 'Chronicle Books', 108, 8, '63629-2724', 'Luxembourgish');
insert into Book (isbn, title, publisher, no_of_pages, available_copies, image, language) values ('362539051-5', 'There Was a Crooked Man...', '', 360, 5, '66949-246', 'Kyrgyz');
insert into Book (isbn, title, publisher, no_of_pages, available_copies, image, language) values ('628143344-0', 'Jessie James Meets Frankenstein''s Daughter', 'Houghton Mifflin Harcourt', 162, 5, '65044-2678', 'Malayalam');
insert into Book (isbn, title, publisher, no_of_pages, available_copies, image, language) values ('908865993-1', 'Vanishing, The', 'Bloomsbury Publishing', 387, 7, '51457-001', 'Aymara');
insert into Book (isbn, title, publisher, no_of_pages, available_copies, image, language) values ('022856842-0', 'Charlotte''s Web', 'Penguin Random House LLC.', 45, 6, '0338-0519', 'Ndebele');
insert into Book (isbn, title, publisher, no_of_pages, available_copies, image, language) values ('191322497-X', 'Kids in America', 'Simon & Schuster', 506, 5, '55154-4782', 'Lithuanian');
insert into Book (isbn, title, publisher, no_of_pages, available_copies, image, language) values ('093308098-0', 'Project Wild Thing', 'Brill Publishers', 331, 5, '61957-0700', 'Mongolian');
insert into Book (isbn, title, publisher, no_of_pages, available_copies, image, language) values ('653530477-9', 'Shanghai Gesture, The', '', 562, 8, '62670-4799', 'Papiamento');
insert into Book (isbn, title, publisher, no_of_pages, available_copies, image, language) values ('588235685-7', 'Hour of the Furnaces, The (Hora de los hornos, La)', 'Brill Publishers', 653, 4, '55316-588', 'Māori');
insert into Book (isbn, title, publisher, no_of_pages, available_copies, image, language) values ('353954297-3', 'Mood Indigo (L''écume des jours)', 'Quirk Books', 141, 8, '0591-0718', 'Swati');
insert into Book (isbn, title, publisher, no_of_pages, available_copies, image, language) values ('991396106-8', 'Fear', 'Chronicle Books', 770, 1, '30142-851', 'Danish');
insert into Book (isbn, title, publisher, no_of_pages, available_copies, image, language) values ('334886032-6', 'Father of My Children, The (Le père de mes enfants)', 'Taylor & Francis', 497, 8, '63629-3632', 'Icelandic');
insert into Book (isbn, title, publisher, no_of_pages, available_copies, image, language) values ('312960526-6', 'Redwood Highway', 'Taylor & Francis', 250, 6, '13668-104', 'Armenian');
insert into Book (isbn, title, publisher, no_of_pages, available_copies, image, language) values ('044999813-4', 'Saint, The', 'House of Anansi Press', 550, 5, '0002-4456', 'Kurdish');
insert into Book (isbn, title, publisher, no_of_pages, available_copies, image, language) values ('573606558-4', 'Higher Learning', 'Chronicle Books', 404, 6, '55390-123', 'Indonesian');
insert into Book (isbn, title, publisher, no_of_pages, available_copies, image, language) values ('212773539-0', 'Butterfly Girl', 'Scholastic Corporation', 609, 8, '36800-109', 'Swahili');
insert into Book (isbn, title, publisher, no_of_pages, available_copies, image, language) values ('256164064-7', 'Match Point', 'Macmillan Publishers', 289, 7, '49349-448', 'Kurdish');
insert into Book (isbn, title, publisher, no_of_pages, available_copies, image, language) values ('997247376-7', 'American Zombie', 'House of Anansi Press', 155, 5, '68428-062', 'Northern Sotho');
insert into Book (isbn, title, publisher, no_of_pages, available_copies, image, language) values ('508591695-6', 'Return to Horror High', 'Pearson', 262, 1, '62742-4057', 'Marathi');
insert into Book (isbn, title, publisher, no_of_pages, available_copies, image, language) values ('831271005-1', 'The Raid: Redemption', '', 156, 3, '36987-2677', 'Fijian');
insert into Book (isbn, title, publisher, no_of_pages, available_copies, image, language) values ('576974821-4', 'Island, The', 'Simon & Schuster', 195, 2, '55111-322', 'Moldovan');
insert into Book (isbn, title, publisher, no_of_pages, available_copies, image, language) values ('821488444-6', 'Ole dole doff', 'Chicago Review Press', 415, 9, '64578-0102', 'Catalan');
insert into Book (isbn, title, publisher, no_of_pages, available_copies, image, language) values ('798583766-3', 'Bring It On Again', 'Taylor & Francis', 49, 3, '68196-190', 'Malagasy');
insert into Book (isbn, title, publisher, no_of_pages, available_copies, image, language) values ('251271230-3', 'Halloween H20: 20 Years Later (Halloween 7: The Revenge of Laurie Strode)', 'Elsevier', 327, 2, '0056-0188', 'Armenian');
insert into Book (isbn, title, publisher, no_of_pages, available_copies, image, language) values ('400961030-1', 'Mujhse Dosti Karoge!', 'HarperCollins', 531, 8, '49349-885', 'Thai');
insert into Book (isbn, title, publisher, no_of_pages, available_copies, image, language) values ('430867448-4', 'Grave Decisions (Wer früher stirbt, ist länger tot)', 'Quirk Books', 323, 3, '42023-130', 'Maltese');
insert into Book (isbn, title, publisher, no_of_pages, available_copies, image, language) values ('969457211-8', 'Cousins', 'House of Anansi Press', 826, 1, '16729-021', 'Lithuanian');
insert into Book (isbn, title, publisher, no_of_pages, available_copies, image, language) values ('063494092-9', 'Ambulance, The', 'Bloomsbury Publishing', 630, 9, '65862-671', 'Thai');
insert into Book (isbn, title, publisher, no_of_pages, available_copies, image, language) values ('258277154-6', '20 Million Miles to Earth', 'Brill Publishers', 247, 7, '51346-117', 'Yiddish');
insert into Book (isbn, title, publisher, no_of_pages, available_copies, image, language) values ('556714145-9', 'Toy Story Toons: Small Fry', 'Chicago Review Press', 261, 5, '42291-101', 'Amharic');
insert into Book (isbn, title, publisher, no_of_pages, available_copies, image, language) values ('295296971-X', 'Final Fantasy VII: Advent Children', 'Scholastic Corporation', 184, 5, '55910-974', 'Georgian');
insert into Book (isbn, title, publisher, no_of_pages, available_copies, image, language) values ('663025338-8', 'Sapphire', 'Bloomsbury Publishing', 848, 2, '53942-069', 'Catalan');
insert into Book (isbn, title, publisher, no_of_pages, available_copies, image, language) values ('319845885-4', 'Journey for Margaret', 'Pearson', 17, 4, '0781-2264', 'Aymara');
insert into Book (isbn, title, publisher, no_of_pages, available_copies, image, language) values ('127262792-6', 'Brainstorm', 'Harvard University Press', 299, 6, '49702-214', 'Portuguese');
insert into Book (isbn, title, publisher, no_of_pages, available_copies, image, language) values ('039421734-9', 'Andy Hardy Meets Debutante', 'Pearson', 690, 3, '55910-379', 'Icelandic');
insert into Book (isbn, title, publisher, no_of_pages, available_copies, image, language) values ('816163243-X', 'What Doesn''t Kill You', 'House of Anansi Press', 793, 4, '49288-0598', 'Armenian');
insert into Book (isbn, title, publisher, no_of_pages, available_copies, image, language) values ('042194099-9', 'Dragon Hunters (Chasseurs de dragons)', 'Chronicle Books', 430, 1, '49035-707', 'Romanian');
insert into Book (isbn, title, publisher, no_of_pages, available_copies, image, language) values ('085869928-1', 'Suez', 'Harvard University Press', 235, 2, '58411-179', 'Thai');
insert into Book (isbn, title, publisher, no_of_pages, available_copies, image, language) values ('713971395-2', 'Reality', '', 531, 1, '42546-270', 'Malagasy');
insert into Book (isbn, title, publisher, no_of_pages, available_copies, image, language) values ('190843991-2', 'Superstar Goofy', '', 653, 8, '55154-0132', 'Greek');
insert into Book (isbn, title, publisher, no_of_pages, available_copies, image, language) values ('095996923-3', 'Jug Face', 'Springer Nature', 325, 8, '43406-0040', 'Hungarian');
insert into Book (isbn, title, publisher, no_of_pages, available_copies, image, language) values ('248470724-X', 'Last of the Mohicans, The', 'Palgrave Macmillan', 30, 2, '43742-0032', 'Hungarian');
insert into Book (isbn, title, publisher, no_of_pages, available_copies, image, language) values ('238008818-7', '2012: Time for Change', 'Palgrave Macmillan', 135, 4, '55289-502', 'Norwegian');
insert into Book (isbn, title, publisher, no_of_pages, available_copies, image, language) values ('413868073-X', 'Generation Um...', '', 594, 5, '37205-302', 'Tajik');
insert into Book (isbn, title, publisher, no_of_pages, available_copies, image, language) values ('517086987-8', 'Música Campesina (Country Music)', 'Scholastic Corporation', 458, 2, '43749-230', 'Assamese');
insert into Book (isbn, title, publisher, no_of_pages, available_copies, image, language) values ('297286562-6', 'Gigi', 'Macmillan Publishers', 247, 7, '50268-730', 'Hebrew');
insert into Book (isbn, title, publisher, no_of_pages, available_copies, image, language) values ('987403454-8', 'Barking Dogs Never Bite (Flandersui gae)', 'McGraw Hill Education', 174, 4, '0363-0013', 'Papiamento');
insert into Book (isbn, title, publisher, no_of_pages, available_copies, image, language) values ('661712578-9', 'Arthur and the Revenge of Maltazard (Arthur et la vengeance de Maltazard)', 'Oxford University Press', 116, 8, '68084-198', 'Norwegian');
insert into Book (isbn, title, publisher, no_of_pages, available_copies, image, language) values ('550547091-2', 'Small Town Gay Bar', 'Palgrave Macmillan', 21, 6, '60681-1215', 'Amharic');
insert into Book (isbn, title, publisher, no_of_pages, available_copies, image, language) values ('036184533-2', 'Shadowzone', 'Bloomsbury Publishing', 175, 4, '0173-0601', 'Kazakh');
insert into Book (isbn, title, publisher, no_of_pages, available_copies, image, language) values ('497139795-7', 'See You in Hell, My Darling (Tha se do stin Kolasi, agapi mou)', 'Penguin Random House', 561, 1, '55154-4793', 'Swahili');
insert into Book (isbn, title, publisher, no_of_pages, available_copies, image, language) values ('988849558-5', 'The Magnificent Trio', 'Macmillan Publishers', 48, 7, '50844-532', 'Macedonian');
insert into Book (isbn, title, publisher, no_of_pages, available_copies, image, language) values ('964537060-4', 'Soap Girl', 'Brill Publishers', 795, 6, '36987-2704', 'Moldovan');
insert into Book (isbn, title, publisher, no_of_pages, available_copies, image, language) values ('367177475-4', 'Appointment with Danger', 'Taylor & Francis', 186, 5, '63629-2947', 'Romanian');
insert into Book (isbn, title, publisher, no_of_pages, available_copies, image, language) values ('243363284-6', 'Plymouth Adventure', 'HarperCollins', 225, 8, '68428-146', 'Swedish');
insert into Book (isbn, title, publisher, no_of_pages, available_copies, image, language) values ('209231464-5', 'Deathmaker, The (Totmacher, Der)', 'House of Anansi Press', 462, 8, '50436-3129', 'Belarusian');
insert into Book (isbn, title, publisher, no_of_pages, available_copies, image, language) values ('745566894-5', 'Estomago: A Gastronomic Story', 'Penguin Random House LLC.', 139, 7, '50991-521', 'Hindi');
insert into Book (isbn, title, publisher, no_of_pages, available_copies, image, language) values ('768394214-6', 'Harmful Insect (Gaichu)', 'Houghton Mifflin Harcourt', 685, 4, '58914-170', 'Kannada');
insert into Book (isbn, title, publisher, no_of_pages, available_copies, image, language) values ('263683834-1', 'Riki-Oh: The Story of Ricky (Lik Wong)', 'McGraw Hill Education', 645, 5, '21695-948', 'Catalan');
insert into Book (isbn, title, publisher, no_of_pages, available_copies, image, language) values ('132264744-5', 'Don Quixote', 'Pearson', 500, 6, '65862-583', 'Gagauz');
insert into Book (isbn, title, publisher, no_of_pages, available_copies, image, language) values ('243444448-2', 'Fiendish Plot of Dr. Fu Manchu, The', 'McGraw Hill Education', 34, 4, '47781-296', 'Persian');
insert into Book (isbn, title, publisher, no_of_pages, available_copies, image, language) values ('038536812-7', 'Bitter Creek', 'Harvard University Press', 848, 1, '23667-002', 'Yiddish');
insert into Book (isbn, title, publisher, no_of_pages, available_copies, image, language) values ('714307058-0', 'Last Klezmer: Leopold Kozlowski, His Life and Music, The', 'Brill Publishers', 146, 8, '68599-5301', 'Dhivehi');
insert into Book (isbn, title, publisher, no_of_pages, available_copies, image, language) values ('972084487-6', 'Stranger on the Third Floor', 'Cambridge University Press', 93, 7, '64205-333', 'Assamese');
insert into Book (isbn, title, publisher, no_of_pages, available_copies, image, language) values ('024740718-6', 'Unfinished Business', 'Quirk Books', 417, 7, '65044-5146', 'Bislama');

insert into Author (author_id, first_name, last_name) values (1, 'Shaylynn', 'Mawtus');
insert into Author (author_id, first_name, last_name) values (2, 'Dodi', 'Condliffe');
insert into Author (author_id, first_name, last_name) values (3, 'Dara', 'Sebrook');
insert into Author (author_id, first_name, last_name) values (4, 'Cynthea', 'Duplain');
insert into Author (author_id, first_name, last_name) values (5, 'Serena', 'Kunze');
insert into Author (author_id, first_name, last_name) values (6, 'Oswell', 'McKevin');
insert into Author (author_id, first_name, last_name) values (7, 'Horten', 'Waddilove');
insert into Author (author_id, first_name, last_name) values (8, 'Rozelle', 'Hardcastle');
insert into Author (author_id, first_name, last_name) values (9, 'Loren', 'Baddiley');
insert into Author (author_id, first_name, last_name) values (10, 'Eba', 'Steadman');
insert into Author (author_id, first_name, last_name) values (11, 'Bealle', 'Paolo');
insert into Author (author_id, first_name, last_name) values (12, 'Sherwin', 'Baudou');
insert into Author (author_id, first_name, last_name) values (13, 'Catina', 'Walles');
insert into Author (author_id, first_name, last_name) values (14, 'Dotti', 'Kamall');
insert into Author (author_id, first_name, last_name) values (15, 'Nichol', 'Jenne');
insert into Author (author_id, first_name, last_name) values (16, 'Kalli', 'Blackway');
insert into Author (author_id, first_name, last_name) values (17, 'Carmon', 'Wort');
insert into Author (author_id, first_name, last_name) values (18, 'Godart', 'Hellard');
insert into Author (author_id, first_name, last_name) values (19, 'Joyan', 'Ford');
insert into Author (author_id, first_name, last_name) values (20, 'Ambros', 'Durston');
insert into Author (author_id, first_name, last_name) values (21, 'Lib', 'Inch');
insert into Author (author_id, first_name, last_name) values (22, 'Cherye', 'Mullally');
insert into Author (author_id, first_name, last_name) values (23, 'Edyth', 'Dadge');
insert into Author (author_id, first_name, last_name) values (24, 'Maddy', 'McArdell');
insert into Author (author_id, first_name, last_name) values (25, 'Gilburt', 'Scipsey');
insert into Author (author_id, first_name, last_name) values (26, 'Cort', 'Wauchope');
insert into Author (author_id, first_name, last_name) values (27, 'Selby', 'Vasenin');
insert into Author (author_id, first_name, last_name) values (28, 'Cheri', 'Sabin');
insert into Author (author_id, first_name, last_name) values (29, 'Virgie', 'Tysall');
insert into Author (author_id, first_name, last_name) values (30, 'Nickolas', 'Nazer');
insert into Author (author_id, first_name, last_name) values (31, 'Chris', 'Briton');
insert into Author (author_id, first_name, last_name) values (32, 'Chris', 'Spadazzi');
insert into Author (author_id, first_name, last_name) values (33, 'Marieann', 'Trelevan');
insert into Author (author_id, first_name, last_name) values (34, 'Petronella', 'Rodway');
insert into Author (author_id, first_name, last_name) values (35, 'Nariko', 'Coomes');
insert into Author (author_id, first_name, last_name) values (36, 'Siusan', 'Aiskovitch');
insert into Author (author_id, first_name, last_name) values (37, 'Sam', 'Pavolillo');
insert into Author (author_id, first_name, last_name) values (38, 'Zahara', 'Readman');
insert into Author (author_id, first_name, last_name) values (39, 'Raleigh', 'Larkworthy');
insert into Author (author_id, first_name, last_name) values (40, 'Haven', 'Jan');
insert into Author (author_id, first_name, last_name) values (41, 'Arden', 'Blazevic');
insert into Author (author_id, first_name, last_name) values (42, 'Barnebas', 'Cornfield');
insert into Author (author_id, first_name, last_name) values (43, 'Hallsy', 'Karolovsky');
insert into Author (author_id, first_name, last_name) values (44, 'Griswold', 'Gross');
insert into Author (author_id, first_name, last_name) values (45, 'Dael', 'Arangy');
insert into Author (author_id, first_name, last_name) values (46, 'Trixy', 'Nicolls');
insert into Author (author_id, first_name, last_name) values (47, 'Iorgo', 'Kulicke');
insert into Author (author_id, first_name, last_name) values (48, 'Yankee', 'Bettaney');
insert into Author (author_id, first_name, last_name) values (49, 'Pierre', 'Suatt');
insert into Author (author_id, first_name, last_name) values (50, 'Shaun', 'Cundict');

insert into key_word (kw_id, phrase) values (1, 'Customer-focused intermediate task-force');
insert into key_word (kw_id, phrase) values (2, 'Distributed grid-enabled Graphical User Interface');
insert into key_word (kw_id, phrase) values (3, 'Fundamental static challenge');
insert into key_word (kw_id, phrase) values (4, 'Multi-channelled radical secured line');
insert into key_word (kw_id, phrase) values (5, 'Up-sized intangible Graphical User Interface');
insert into key_word (kw_id, phrase) values (6, 'Re-contextualized zero administration info-mediaries');
insert into key_word (kw_id, phrase) values (7, 'Multi-tiered stable internet solution');
insert into key_word (kw_id, phrase) values (8, 'Adaptive modular paradigm');
insert into key_word (kw_id, phrase) values (9, 'Devolved radical concept');
insert into key_word (kw_id, phrase) values (10, 'Visionary grid-enabled support');
insert into key_word (kw_id, phrase) values (11, 'Focused asynchronous process improvement');
insert into key_word (kw_id, phrase) values (12, 'Reverse-engineered maximized system engine');
insert into key_word (kw_id, phrase) values (13, 'Universal non-volatile structure');
insert into key_word (kw_id, phrase) values (14, 'Open-source object-oriented infrastructure');
insert into key_word (kw_id, phrase) values (15, 'Centralized methodical Graphical User Interface');
insert into key_word (kw_id, phrase) values (16, 'Synchronised bottom-line circuit');
insert into key_word (kw_id, phrase) values (17, 'Re-engineered mission-critical application');
insert into key_word (kw_id, phrase) values (18, 'Phased contextually-based infrastructure');
insert into key_word (kw_id, phrase) values (19, 'Public-key heuristic model');
insert into key_word (kw_id, phrase) values (20, 'Triple-buffered stable concept');
insert into key_word (kw_id, phrase) values (21, 'Visionary systemic portal');
insert into key_word (kw_id, phrase) values (22, 'Innovative responsive algorithm');
insert into key_word (kw_id, phrase) values (23, 'Assimilated dedicated methodology');
insert into key_word (kw_id, phrase) values (24, 'Cloned cohesive knowledge user');
insert into key_word (kw_id, phrase) values (25, 'Organized mission-critical throughput');
insert into key_word (kw_id, phrase) values (26, 'Synchronised zero tolerance knowledge base');
insert into key_word (kw_id, phrase) values (27, 'Cloned demand-driven capability');
insert into key_word (kw_id, phrase) values (28, 'Reactive secondary neural-net');
insert into key_word (kw_id, phrase) values (29, 'Persistent bottom-line moderator');
insert into key_word (kw_id, phrase) values (30, 'Self-enabling system-worthy policy');
insert into key_word (kw_id, phrase) values (31, 'Reverse-engineered 4th generation core');
insert into key_word (kw_id, phrase) values (32, 'Synergistic tertiary protocol');
insert into key_word (kw_id, phrase) values (33, 'Robust bi-directional architecture');
insert into key_word (kw_id, phrase) values (34, 'Customizable systematic standardization');
insert into key_word (kw_id, phrase) values (35, 'Configurable neutral challenge');
insert into key_word (kw_id, phrase) values (36, 'Pre-emptive value-added initiative');
insert into key_word (kw_id, phrase) values (37, 'Grass-roots systematic data-warehouse');
insert into key_word (kw_id, phrase) values (38, 'Face to face well-modulated conglomeration');
insert into key_word (kw_id, phrase) values (39, 'Re-engineered content-based array');
insert into key_word (kw_id, phrase) values (40, 'Exclusive tangible model');
insert into key_word (kw_id, phrase) values (41, 'Quality-focused optimizing protocol');
insert into key_word (kw_id, phrase) values (42, 'Focused directional model');
insert into key_word (kw_id, phrase) values (43, 'Centralized mobile leverage');
insert into key_word (kw_id, phrase) values (44, 'Phased bottom-line Graphical User Interface');
insert into key_word (kw_id, phrase) values (45, 'Synchronised human-resource ability');
insert into key_word (kw_id, phrase) values (46, 'Digitized bandwidth-monitored knowledge user');
insert into key_word (kw_id, phrase) values (47, 'Organized asynchronous product');
insert into key_word (kw_id, phrase) values (48, 'Object-based disintermediate info-mediaries');
insert into key_word (kw_id, phrase) values (49, 'Open-source solution-oriented superstructure');
insert into key_word (kw_id, phrase) values (50, 'Operative clear-thinking website');
insert into key_word (kw_id, phrase) values (51, 'Managed clear-thinking model');
insert into key_word (kw_id, phrase) values (52, 'Extended clear-thinking neural-net');
insert into key_word (kw_id, phrase) values (53, 'Secured didactic productivity');
insert into key_word (kw_id, phrase) values (54, 'Fully-configurable 24 hour database');
insert into key_word (kw_id, phrase) values (55, 'Exclusive multi-state frame');
insert into key_word (kw_id, phrase) values (56, 'User-centric optimal project');
insert into key_word (kw_id, phrase) values (57, 'Self-enabling neutral implementation');
insert into key_word (kw_id, phrase) values (58, 'Total eco-centric approach');
insert into key_word (kw_id, phrase) values (59, 'Persevering coherent projection');
insert into key_word (kw_id, phrase) values (60, 'Persevering didactic knowledge user');
insert into key_word (kw_id, phrase) values (61, 'Object-based national alliance');
insert into key_word (kw_id, phrase) values (62, 'Diverse global throughput');
insert into key_word (kw_id, phrase) values (63, 'User-centric holistic matrices');
insert into key_word (kw_id, phrase) values (64, 'Multi-lateral object-oriented moderator');
insert into key_word (kw_id, phrase) values (65, 'Digitized neutral functionalities');
insert into key_word (kw_id, phrase) values (66, 'Team-oriented methodical attitude');
insert into key_word (kw_id, phrase) values (67, 'De-engineered eco-centric internet solution');
insert into key_word (kw_id, phrase) values (68, 'Diverse executive access');
insert into key_word (kw_id, phrase) values (69, 'Advanced user-facing knowledge user');
insert into key_word (kw_id, phrase) values (70, 'Realigned 3rd generation hub');
insert into key_word (kw_id, phrase) values (71, 'Versatile discrete paradigm');
insert into key_word (kw_id, phrase) values (72, 'Future-proofed web-enabled Graphic Interface');
insert into key_word (kw_id, phrase) values (73, 'Proactive grid-enabled hub');
insert into key_word (kw_id, phrase) values (74, 'Centralized grid-enabled emulation');
insert into key_word (kw_id, phrase) values (75, 'Optimized bifurcated intranet');
insert into key_word (kw_id, phrase) values (76, 'Open-architected background adapter');
insert into key_word (kw_id, phrase) values (77, 'Enhanced value-added core');
insert into key_word (kw_id, phrase) values (78, 'Future-proofed static hierarchy');
insert into key_word (kw_id, phrase) values (79, 'Ameliorated dynamic capacity');
insert into key_word (kw_id, phrase) values (80, 'Assimilated background secured line');
insert into key_word (kw_id, phrase) values (81, 'Diverse bifurcated standardization');
insert into key_word (kw_id, phrase) values (82, 'Compatible high-level open architecture');
insert into key_word (kw_id, phrase) values (83, 'Integrated solution-oriented concept');
insert into key_word (kw_id, phrase) values (84, 'Ameliorated contextually-based projection');
insert into key_word (kw_id, phrase) values (85, 'Multi-channelled context-sensitive encryption');

insert into Genre (genre_id, category) values (1, 'Comedy');
insert into Genre (genre_id, category) values (2, 'Drama');
insert into Genre (genre_id, category) values (3, 'War');
insert into Genre (genre_id, category) values (4, 'Action');
insert into Genre (genre_id, category) values (5, 'Adventure');
insert into Genre (genre_id, category) values (6, 'Sci-Fi');
insert into Genre (genre_id, category) values (7, 'Musical');
insert into Genre (genre_id, category) values (8, 'Mystery');
insert into Genre (genre_id, category) values (9, 'Thriller');
insert into Genre (genre_id, category) values (10, 'Animation');
insert into Genre (genre_id, category) values (11, 'Children');
insert into Genre (genre_id, category) values (12, 'Crime');
insert into Genre (genre_id, category) values (13, 'Fantasy');
insert into Genre (genre_id, category) values (14, 'Documentary');
insert into Genre (genre_id, category) values (15, 'Horror');
insert into Genre (genre_id, category) values (16, 'Romance');

insert into School_User (username_su, password, first_name, last_name, birth_date, role, phone_number, is_lm) values ('ndallinder0', '3IL4LJV', 'Daron', 'Tows', '1977-09-11', 'T', '315-945-6332', 0);
insert into School_User (username_su, password, first_name, last_name, birth_date, role, phone_number, is_lm) values ('fpopov1', '59y4YvO26', 'Hobie', 'Zanicchi', '1979-03-24', 'T', '340-809-1655', 0);
insert into School_User (username_su, password, first_name, last_name, birth_date, role, phone_number, is_lm) values ('bdoodney2', 'xIRsMnsHXwu', 'Morey', 'Kiebes', '1993-05-23', 'T', '457-500-0967', 0);
insert into School_User (username_su, password, first_name, last_name, birth_date, role, phone_number, is_lm) values ('bfouch0', 'XxkujK0m9', 'Quincey', 'Checketts', '1984-10-25', 'T', '182-427-4050', 1);
insert into School_User (username_su, password, first_name, last_name, birth_date, role, phone_number, is_lm) values ('ehamments1', '3etqnpS', 'Hedwig', 'O''Cannovane', '1991-04-21', 'T', '289-847-1134', 1);
insert into School_User (username_su, password, first_name, last_name, birth_date, role, phone_number, is_lm) values ('ihayes5', 'x2IVCeDONVfc', 'Delcine', 'Beauman', '1978-10-14', 'T', '852-808-2920', 0);
insert into School_User (username_su, password, first_name, last_name, birth_date, role, phone_number, is_lm) values ('fdoyle2', 'dVFJB9qMxc', 'Kiri', 'Kyteley', '1994-03-13', 'T', '360-661-2117', 1);
insert into School_User (username_su, password, first_name, last_name, birth_date, role, phone_number, is_lm) values ('kpym7', 'gqar3f7', 'Isidoro', 'Orteu', '1998-03-23', 'T', '111-769-4740', 0);
insert into School_User (username_su, password, first_name, last_name, birth_date, role, phone_number, is_lm) values ('agrundy8', 'fGapZj0W9e', 'Kristen', 'Antognazzi', '1987-08-21', 'T', '156-871-6936', 0);
insert into School_User (username_su, password, first_name, last_name, birth_date, role, phone_number, is_lm) values ('fsturgeon3', 'USdkpqxHi91', 'Consuelo', 'Grunder', '1995-03-05', 'T', '810-215-0200', 1);
insert into School_User (username_su, password, first_name, last_name, birth_date, role, phone_number, is_lm) values ('bmilnesa', 'nGyzHV4v1MFF', 'Arleta', 'Strother', '1998-04-25', 'T', '710-673-1597', 0);
insert into School_User (username_su, password, first_name, last_name, birth_date, role, phone_number, is_lm) values ('sambresinb', 'fmsiXVbz', 'Leshia', 'Heditch', '1975-01-20', 'T', '605-509-3799', 0);
insert into School_User (username_su, password, first_name, last_name, birth_date, role, phone_number, is_lm) values ('sdrohunc', 'l4WGmEf', 'Darren', 'Minmagh', '1980-11-17', 'T', '228-581-1087', 0);
insert into School_User (username_su, password, first_name, last_name, birth_date, role, phone_number, is_lm) values ('fbaned', 'dDoiOyDMwe', 'Fawne', 'Arsnell', '1969-02-13', 'T', '300-908-9790', 0);
insert into School_User (username_su, password, first_name, last_name, birth_date, role, phone_number, is_lm) values ('iriselye', 'xsZiTwQMi', 'Mella', 'Pedrol', '1989-11-26', 'T', '160-687-1691', 0);
insert into School_User (username_su, password, first_name, last_name, birth_date, role, phone_number, is_lm) values ('apiggen0', 'kfDYJ8GXcP', 'Pip', 'McWhinnie', '1977-07-12', 'S', '804-312-9579', 0);
insert into School_User (username_su, password, first_name, last_name, birth_date, role, phone_number, is_lm) values ('mwhittall1', 'fgvnFmt', 'Ebeneser', 'Galego', '1970-04-20', 'S', '633-654-0540', 0);
insert into School_User (username_su, password, first_name, last_name, birth_date, role, phone_number, is_lm) values ('cpechan2', 'TZIiTu', 'Roslyn', 'Faithfull', '1993-12-03', 'S', '554-129-6960', 0);
insert into School_User (username_su, password, first_name, last_name, birth_date, role, phone_number, is_lm) values ('cdemogeot3', 'juMf6LY18fNV', 'Klara', 'Lloyd-Williams', '1985-02-19', 'S', '737-527-2766', 0);
insert into School_User (username_su, password, first_name, last_name, birth_date, role, phone_number, is_lm) values ('akitchin4', 'AaIFhu6d0z', 'Fanya', 'Marryatt', '1993-11-21', 'S', '622-163-3368', 0);
insert into School_User (username_su, password, first_name, last_name, birth_date, role, phone_number, is_lm) values ('slaverack5', 'xJz7Gc', 'Fallon', 'Trobe', '1988-06-29', 'S', '460-910-4140', 0);
insert into School_User (username_su, password, first_name, last_name, birth_date, role, phone_number, is_lm) values ('tbarthelet6', 'NaIMyS1', 'Catha', 'Kieff', '1992-11-02', 'S', '690-207-0347', 0);
insert into School_User (username_su, password, first_name, last_name, birth_date, role, phone_number, is_lm) values ('smosdall7', 'PSyXjtuX', 'Lloyd', 'Jelf', '1972-11-15', 'S', '277-582-9485', 0);
insert into School_User (username_su, password, first_name, last_name, birth_date, role, phone_number, is_lm) values ('bbaniard8', 'LXxbw4LsTC', 'Grayce', 'Gosling', '1971-02-22', 'S', '579-427-7124', 0);
insert into School_User (username_su, password, first_name, last_name, birth_date, role, phone_number, is_lm) values ('arebert9', 'zBELtkGDvQD', 'Emmey', 'Farens', '1997-04-14', 'S', '469-448-8424', 0);
insert into School_User (username_su, password, first_name, last_name, birth_date, role, phone_number, is_lm) values ('bvanderveldena', '3LRp3ZWq9D', 'Janene', 'Oldall', '1998-04-28', 'S', '392-474-1361', 0);
insert into School_User (username_su, password, first_name, last_name, birth_date, role, phone_number, is_lm) values ('alindb', 'NLKYEOKi', 'Bili', 'Dyshart', '1973-05-17', 'S', '645-558-3006', 0);
insert into School_User (username_su, password, first_name, last_name, birth_date, role, phone_number, is_lm) values ('hriolfic', 'NOEYOi1sN', 'Trisha', 'Cicchetto', '1989-06-25', 'S', '730-584-9956', 0);
insert into School_User (username_su, password, first_name, last_name, birth_date, role, phone_number, is_lm) values ('pburselld', 'EVwBkpvsPvjE', 'Antonella', 'Chawner', '1993-03-26', 'S', '334-301-8619', 0);
insert into School_User (username_su, password, first_name, last_name, birth_date, role, phone_number, is_lm) values ('sjodlowskie', 'fjJcfbQu', 'Moise', 'Hail', '1980-03-13', 'S', '902-648-5108', 0);
insert into School_User (username_su, password, first_name, last_name, birth_date, role, phone_number, is_lm) values ('dandreassenf', '82Rnfjo6Ggj', 'Donal', 'Royl', '1997-09-19', 'S', '816-845-7163', 0);
insert into School_User (username_su, password, first_name, last_name, birth_date, role, phone_number, is_lm) values ('geamesg', '2e7KWV', 'Myca', 'Smiths', '1973-07-17', 'S', '503-410-3970', 0);
insert into School_User (username_su, password, first_name, last_name, birth_date, role, phone_number, is_lm) values ('hsamsonh', '8dlfFrq', 'Joshuah', 'Habershon', '1972-09-29', 'S', '681-189-3526', 0);
insert into School_User (username_su, password, first_name, last_name, birth_date, role, phone_number, is_lm) values ('rgeroldi', 'YYdSZ48HWo', 'Farris', 'Devigne', '1981-06-26', 'S', '124-827-4186', 0);
insert into School_User (username_su, password, first_name, last_name, birth_date, role, phone_number, is_lm) values ('thartilj', 'uMx9VLmBEk', 'Jammie', 'Barbrook', '1996-01-21', 'S', '467-237-7551', 0);
insert into School_User (username_su, password, first_name, last_name, birth_date, role, phone_number, is_lm) values ('mtonnesenk', 'YEgDcaZ9Emw', 'Jacquie', 'Eberle', '1983-07-10', 'S', '540-161-2285', 0);
insert into School_User (username_su, password, first_name, last_name, birth_date, role, phone_number, is_lm) values ('tfrankiewiczl', 'uwphM0DzhY', 'Rosy', 'Larenson', '1980-08-14', 'S', '988-370-1920', 0);
insert into School_User (username_su, password, first_name, last_name, birth_date, role, phone_number, is_lm) values ('ibucknallm', 'QiOAb42Qp5h1', 'Gabriele', 'Khristyukhin', '1993-10-15', 'S', '831-301-9287', 0);
insert into School_User (username_su, password, first_name, last_name, birth_date, role, phone_number, is_lm) values ('jcuthilln', 'teyyqh', 'Inessa', 'Tarzey', '1990-07-20', 'S', '479-550-0196', 0);
insert into School_User (username_su, password, first_name, last_name, birth_date, role, phone_number, is_lm) values ('smcgourtyo', 'Hqy5wU9g0Gdh', 'Caesar', 'Candlin', '1970-06-03', 'S', '405-183-9152', 0);
insert into School_User (username_su, password, first_name, last_name, birth_date, role, phone_number, is_lm) values ('hmccloshp', 'iU67O0vr9V4', 'Stace', 'Martlew', '1980-11-24', 'S', '317-443-1107', 0);
insert into School_User (username_su, password, first_name, last_name, birth_date, role, phone_number, is_lm) values ('hbenitezq', 'YqgTB7pzB', 'Frieda', 'McCrohon', '1968-04-12', 'S', '333-646-0645', 0);
insert into School_User (username_su, password, first_name, last_name, birth_date, role, phone_number, is_lm) values ('mraddenr', 'dSw1uwZx', 'Carey', 'Janz', '1995-12-19', 'S', '493-260-2987', 0);
insert into School_User (username_su, password, first_name, last_name, birth_date, role, phone_number, is_lm) values ('fmaroneys', 'ILeUGfaO', 'Lyn', 'Winsom', '1997-03-12', 'S', '659-107-5015', 0);
insert into School_User (username_su, password, first_name, last_name, birth_date, role, phone_number, is_lm) values ('kbarthelt', 'qyqQa0bKVsF', 'Woody', 'Coultas', '1987-05-05', 'S', '329-792-0451', 0);
insert into School_User (username_su, password, first_name, last_name, birth_date, role, phone_number, is_lm) values ('pcraigsu', 'jtlHKlD6', 'Lazarus', 'Suffe', '1974-07-12', 'S', '597-299-1722', 0);
insert into School_User (username_su, password, first_name, last_name, birth_date, role, phone_number, is_lm) values ('gjaramv', 'aGkNBa4nXfN', 'Pinchas', 'Westphal', '1986-06-21', 'S', '199-725-9858', 0);
insert into School_User (username_su, password, first_name, last_name, birth_date, role, phone_number, is_lm) values ('esynanw', '9DHJ8pzLO3b', 'Josefina', 'Greson', '1984-02-11', 'S', '864-852-0310', 0);
insert into School_User (username_su, password, first_name, last_name, birth_date, role, phone_number, is_lm) values ('cstarfordx', 'wkI1JKM', 'Sanders', 'Tripney', '1998-09-22', 'S', '929-766-3004', 0);
insert into School_User (username_su, password, first_name, last_name, birth_date, role, phone_number, is_lm) values ('kdotsony', 'kNde8rHKaaD', 'Bastian', 'Pioch', '1980-08-06', 'S', '492-568-3180', 0);

insert into Book_Demand (category, username_su, datetime, isbn, username_libm) values ('B', 'apiggen0', '2023-05-17', '021192483-0', 'fsturgeon3');
insert into Book_Demand (category, username_su, datetime, isbn, username_libm) values ('B', 'mwhittall1', '2023-05-17', '713971395-2', 'fsturgeon3');
insert into Book_Demand (category, username_su, datetime, isbn, username_libm) values ('B', 'cpechan2', '2023-05-17', '840102695-4', 'bfouch0');
insert into Book_Demand (category, username_su, datetime, isbn, username_libm) values ('B', 'cdemogeot3', '2023-06-01', '653530477-9', 'bfouch0');
insert into Book_Demand (category, username_su, datetime, isbn, username_libm) values ('B', 'akitchin4', '2023-06-04', '319845885-4', 'fsturgeon3');
insert into Book_Demand (category, username_su, datetime, isbn, username_libm) values ('B', 'slaverack5', '2023-05-16', '080616372-0', 'bfouch0');
insert into Book_Demand (category, username_su, datetime, isbn, username_libm) values ('B', 'tbarthelet6', '2023-05-18', '495863415-0', 'fdoyle2');
insert into Book_Demand (category, username_su, datetime, isbn, username_libm) values ('B', 'smosdall7', '2023-06-02', '413868073-X', 'fsturgeon3');
insert into Book_Demand (category, username_su, datetime, isbn, username_libm) values ('B', 'bbaniard8', '2023-06-04', '653530477-9', 'ehamments1');
insert into Book_Demand (category, username_su, datetime, isbn, username_libm) values ('B', 'arebert9', '2023-05-30', '717972132-8', 'fdoyle2');
insert into Book_Demand (category, username_su, datetime, isbn, username_libm) values ('B', 'bvanderveldena', '2023-05-24', '750969365-9', 'bfouch0');
insert into Book_Demand (category, username_su, datetime, isbn, username_libm) values ('B', 'alindb', '2023-06-04', '878012143-8', 'fdoyle2');
insert into Book_Demand (category, username_su, datetime, isbn, username_libm) values ('B', 'hriolfic', '2023-05-30', '413868073-X', 'bfouch0');
insert into Book_Demand (category, username_su, datetime, isbn, username_libm) values ('B', 'pburselld', '2023-05-23', '319845885-4', 'ehamments1');
insert into Book_Demand (category, username_su, datetime, isbn, username_libm) values ('B', 'sjodlowskie', '2023-05-18', '556714145-9', 'ehamments1');
insert into Book_Demand (category, username_su, datetime, isbn, username_libm) values ('B', 'dandreassenf', '2023-05-23', '234678229-7', 'ehamments1');
insert into Book_Demand (category, username_su, datetime, isbn, username_libm) values ('B', 'geamesg', '2023-05-26', '190843991-2', 'fsturgeon3');
insert into Book_Demand (category, username_su, datetime, isbn, username_libm) values ('B', 'hsamsonh', '2023-06-02', '115565021-2', 'bfouch0');
insert into Book_Demand (category, username_su, datetime, isbn, username_libm) values ('B', 'rgeroldi', '2023-05-26', '583287701-2', 'fdoyle2');
insert into Book_Demand (category, username_su, datetime, isbn, username_libm) values ('B', 'thartilj', '2023-05-27', '588612284-2', 'fdoyle2');
insert into Book_Demand (category, username_su, datetime, isbn, username_libm) values ('B', 'mtonnesenk', '2023-06-04', '706600846-4', 'fdoyle2');
insert into Book_Demand (category, username_su, datetime, isbn, username_libm) values ('B', 'tfrankiewiczl', '2023-05-20', '385253339-2', 'bfouch0');
insert into Book_Demand (category, username_su, datetime, isbn, username_libm) values ('B', 'ibucknallm', '2023-06-04', '814380897-1', 'bfouch0');
insert into Book_Demand (category, username_su, datetime, isbn, username_libm) values ('B', 'jcuthilln', '2023-06-03', '796385909-5', 'ehamments1');
insert into Book_Demand (category, username_su, datetime, isbn, username_libm) values ('B', 'smcgourtyo', '2023-05-25', '079636994-1', 'fsturgeon3');
insert into Book_Demand (category, username_su, datetime, isbn, username_libm) values ('B', 'hmccloshp', '2023-05-27', '698884074-5', 'fsturgeon3');
insert into Book_Demand (category, username_su, datetime, isbn, username_libm) values ('B', 'hbenitezq', '2023-05-18', '573606558-4', 'ehamments1');
insert into Book_Demand (category, username_su, datetime, isbn, username_libm) values ('B', 'mraddenr', '2023-05-25', '312960526-6', 'fdoyle2');
insert into Book_Demand (category, username_su, datetime, isbn, username_libm) values ('B', 'fmaroneys', '2023-05-22', '750969365-9', 'fsturgeon3');
insert into Book_Demand (category, username_su, datetime, isbn, username_libm) values ('B', 'kbarthelt', '2023-06-01', '319845885-4', 'fsturgeon3');
insert into Book_Demand (category, username_su, datetime, isbn, username_libm) values ('B', 'pcraigsu', '2023-06-04', '430867448-4', 'ehamments1');
insert into Book_Demand (category, username_su, datetime, isbn, username_libm) values ('B', 'gjaramv', '2023-06-01', '923988156-5', 'fdoyle2');
insert into Book_Demand (category, username_su, datetime, isbn, username_libm) values ('B', 'esynanw', '2023-05-16', '698884074-5', 'ehamments1');
insert into Book_Demand (category, username_su, datetime, isbn, username_libm) values ('B', 'cstarfordx', '2023-05-23', '717972132-8', 'bfouch0');
insert into Book_Demand (category, username_su, datetime, isbn, username_libm) values ('B', 'kdotsony', '2023-06-03', '988849558-5', 'bfouch0');
insert into Book_Demand (category, username_su, datetime, isbn, username_libm) values ('B', 'apiggen0', '2023-06-03', '127262792-6', 'ehamments1');
insert into Book_Demand (category, username_su, datetime, isbn, username_libm) values ('B', 'mwhittall1', '2023-05-18', '323179765-9', 'fsturgeon3');
insert into Book_Demand (category, username_su, datetime, isbn, username_libm) values ('B', 'cpechan2', '2023-06-04', '971882241-0', 'ehamments1');
insert into Book_Demand (category, username_su, datetime, isbn, username_libm) values ('B', 'cdemogeot3', '2023-05-27', '353954297-3', 'bfouch0');
insert into Book_Demand (category, username_su, datetime, isbn, username_libm) values ('B', 'akitchin4', '2023-05-19', '042194099-9', 'fsturgeon3');
insert into Book_Demand (category, username_su, datetime, isbn, username_libm) values ('B', 'ndallinder0', '2023-05-24', '643352451-6', 'fsturgeon3');
insert into Book_Demand (category, username_su, datetime, isbn, username_libm) values ('B', 'fpopov1', '2023-05-22', '745566894-5', 'fdoyle2');
insert into Book_Demand (category, username_su, datetime, isbn, username_libm) values ('B', 'bdoodney2', '2023-05-30', '120989562-5', 'bfouch0');
insert into Book_Demand (category, username_su, datetime, isbn, username_libm) values ('B', 'bfouch0', '2023-06-01', '768394214-6', 'bfouch0');
insert into Book_Demand (category, username_su, datetime, isbn, username_libm) values ('B', 'ehamments1', '2023-06-01', '555023150-6', 'ehamments1');
insert into Book_Demand (category, username_su, datetime, isbn, username_libm) values ('B', 'ihayes5', '2023-05-28', '814380897-1', 'bfouch0');
insert into Book_Demand (category, username_su, datetime, isbn, username_libm) values ('B', 'fdoyle2', '2023-05-29', '132264744-5', 'fdoyle2');
insert into Book_Demand (category, username_su, datetime, isbn, username_libm) values ('B', 'kpym7', '2023-05-23', '583287701-2', 'fdoyle2');
insert into Book_Demand (category, username_su, datetime, isbn, username_libm) values ('B', 'agrundy8', '2023-05-23', '591686261-X', 'fsturgeon3');
insert into Book_Demand (category, username_su, datetime, isbn, username_libm) values ('B', 'fsturgeon3', '2023-06-02', '988849558-5', 'fdoyle2');
insert into Book_Demand (category, username_su, datetime, isbn, username_libm) values ('B', 'bmilnesa', '2023-06-03', '583287701-2', 'bfouch0');
insert into Book_Demand (category, username_su, datetime, isbn, username_libm) values ('B', 'sambresinb', '2023-05-27', '275492398-5', 'fsturgeon3');
insert into Book_Demand (category, username_su, datetime, isbn, username_libm) values ('B', 'sdrohunc', '2023-05-22', '529025968-6', 'fdoyle2');
insert into Book_Demand (category, username_su, datetime, isbn, username_libm) values ('B', 'fbaned', '2023-06-04', '798583766-3', 'fdoyle2');
insert into Book_Demand (category, username_su, datetime, isbn, username_libm) values ('B', 'iriselye', '2023-05-24', '430867448-4', 'fsturgeon3');
insert into Book_Demand (category, username_su, datetime, isbn, username_libm) values ('R', 'apiggen0', '2023-05-27', '717972132-8', 'bfouch0');
insert into Book_Demand (category, username_su, datetime, isbn, username_libm) values ('R', 'mwhittall1', '2023-05-22', '362539051-5', 'fsturgeon3');
insert into Book_Demand (category, username_su, datetime, isbn, username_libm) values ('R', 'cpechan2', '2023-06-03', '588612284-2', 'ehamments1');
insert into Book_Demand (category, username_su, datetime, isbn, username_libm) values ('R', 'cdemogeot3', '2023-05-18', '508591695-6', 'fdoyle2');
insert into Book_Demand (category, username_su, datetime, isbn, username_libm) values ('R', 'akitchin4', '2023-05-23', '063494092-9', 'bfouch0');
insert into Book_Demand (category, username_su, datetime, isbn, username_libm) values ('R', 'slaverack5', '2023-05-24', '209231464-5', 'fdoyle2');
insert into Book_Demand (category, username_su, datetime, isbn, username_libm) values ('R', 'tbarthelet6', '2023-05-17', '297286562-6', 'fsturgeon3');
insert into Book_Demand (category, username_su, datetime, isbn, username_libm) values ('R', 'smosdall7', '2023-05-20', '297286562-6', 'bfouch0');
insert into Book_Demand (category, username_su, datetime, isbn, username_libm) values ('R', 'bbaniard8', '2023-06-02', '988849558-5', 'fdoyle2');
insert into Book_Demand (category, username_su, datetime, isbn, username_libm) values ('R', 'arebert9', '2023-05-27', '994596141-1', 'bfouch0');
insert into Book_Demand (category, username_su, datetime, isbn, username_libm) values ('R', 'bvanderveldena', '2023-05-30', '362539051-5', 'bfouch0');
insert into Book_Demand (category, username_su, datetime, isbn, username_libm) values ('R', 'alindb', '2023-06-03', '042194099-9', 'bfouch0');
insert into Book_Demand (category, username_su, datetime, isbn, username_libm) values ('R', 'hriolfic', '2023-05-21', '319845885-4', 'fsturgeon3');
insert into Book_Demand (category, username_su, datetime, isbn, username_libm) values ('R', 'pburselld', '2023-05-21', '153937955-8', 'ehamments1');
insert into Book_Demand (category, username_su, datetime, isbn, username_libm) values ('R', 'sjodlowskie', '2023-05-23', '412015437-8', 'fsturgeon3');
insert into Book_Demand (category, username_su, datetime, isbn, username_libm) values ('R', 'dandreassenf', '2023-06-04', '297286562-6', 'fsturgeon3');
insert into Book_Demand (category, username_su, datetime, isbn, username_libm) values ('R', 'geamesg', '2023-06-02', '115565021-2', 'bfouch0');
insert into Book_Demand (category, username_su, datetime, isbn, username_libm) values ('R', 'hsamsonh', '2023-05-17', '251271230-3', 'ehamments1');
insert into Book_Demand (category, username_su, datetime, isbn, username_libm) values ('R', 'rgeroldi', '2023-06-02', '847980543-9', 'fsturgeon3');
insert into Book_Demand (category, username_su, datetime, isbn, username_libm) values ('R', 'thartilj', '2023-05-18', '438449600-1', 'fdoyle2');
insert into Book_Demand (category, username_su, datetime, isbn, username_libm) values ('R', 'mtonnesenk', '2023-06-04', '470882169-7', 'bfouch0');
insert into Book_Demand (category, username_su, datetime, isbn, username_libm) values ('R', 'tfrankiewiczl', '2023-05-18', '569812248-2', 'bfouch0');
insert into Book_Demand (category, username_su, datetime, isbn, username_libm) values ('R', 'ibucknallm', '2023-05-18', '987403454-8', 'ehamments1');
insert into Book_Demand (category, username_su, datetime, isbn, username_libm) values ('R', 'jcuthilln', '2023-05-23', '745566894-5', 'fsturgeon3');
insert into Book_Demand (category, username_su, datetime, isbn, username_libm) values ('R', 'smcgourtyo', '2023-06-02', '362539051-5', 'fdoyle2');
insert into Book_Demand (category, username_su, datetime, isbn, username_libm) values ('R', 'hmccloshp', '2023-05-30', '039421734-9', 'bfouch0');
insert into Book_Demand (category, username_su, datetime, isbn, username_libm) values ('R', 'hbenitezq', '2023-05-19', '248470724-X', 'ehamments1');
insert into Book_Demand (category, username_su, datetime, isbn, username_libm) values ('R', 'mraddenr', '2023-06-02', '457687794-1', 'ehamments1');
insert into Book_Demand (category, username_su, datetime, isbn, username_libm) values ('R', 'fmaroneys', '2023-05-24', '653530477-9', 'fdoyle2');
insert into Book_Demand (category, username_su, datetime, isbn, username_libm) values ('R', 'kbarthelt', '2023-05-16', '295296971-X', 'ehamments1');
insert into Book_Demand (category, username_su, datetime, isbn, username_libm) values ('R', 'pcraigsu', '2023-05-28', '529025968-6', 'fdoyle2');
insert into Book_Demand (category, username_su, datetime, isbn, username_libm) values ('R', 'gjaramv', '2023-06-04', '847980543-9', 'bfouch0');
insert into Book_Demand (category, username_su, datetime, isbn, username_libm) values ('R', 'esynanw', '2023-05-24', '653530477-9', 'fdoyle2');
insert into Book_Demand (category, username_su, datetime, isbn, username_libm) values ('R', 'cstarfordx', '2023-05-25', '953027496-3', 'fsturgeon3');
insert into Book_Demand (category, username_su, datetime, isbn, username_libm) values ('R', 'kdotsony', '2023-05-31', '555023150-6', 'bfouch0');
insert into Book_Demand (category, username_su, datetime, isbn, username_libm) values ('R', 'apiggen0', '2023-05-17', '972051736-0', 'fsturgeon3');
insert into Book_Demand (category, username_su, datetime, isbn, username_libm) values ('R', 'mwhittall1', '2023-05-24', '038634678-X', 'bfouch0');
insert into Book_Demand (category, username_su, datetime, isbn, username_libm) values ('R', 'cpechan2', '2023-05-17', '580940561-4', 'bfouch0');
insert into Book_Demand (category, username_su, datetime, isbn, username_libm) values ('R', 'cdemogeot3', '2023-05-21', '497139795-7', 'bfouch0');
insert into Book_Demand (category, username_su, datetime, isbn, username_libm) values ('R', 'akitchin4', '2023-06-04', '243444448-2', 'ehamments1');
insert into Book_Demand (category, username_su, datetime, isbn, username_libm) values ('R', 'ndallinder0', '2023-05-25', '641730241-5', 'fsturgeon3');
insert into Book_Demand (category, username_su, datetime, isbn, username_libm) values ('R', 'fpopov1', '2023-05-18', '576974821-4', 'bfouch0');
insert into Book_Demand (category, username_su, datetime, isbn, username_libm) values ('R', 'bdoodney2', '2023-05-23', '433205311-7', 'ehamments1');
insert into Book_Demand (category, username_su, datetime, isbn, username_libm) values ('R', 'bfouch0', '2023-05-17', '095642003-6', 'bfouch0');
insert into Book_Demand (category, username_su, datetime, isbn, username_libm) values ('R', 'ehamments1', '2023-05-17', '953027496-3', 'fdoyle2');
insert into Book_Demand (category, username_su, datetime, isbn, username_libm) values ('R', 'ihayes5', '2023-05-19', '999476409-8', 'ehamments1');
insert into Book_Demand (category, username_su, datetime, isbn, username_libm) values ('R', 'fdoyle2', '2023-06-02', '710129604-1', 'fsturgeon3');
insert into Book_Demand (category, username_su, datetime, isbn, username_libm) values ('R', 'kpym7', '2023-05-19', '840102695-4', 'bfouch0');
insert into Book_Demand (category, username_su, datetime, isbn, username_libm) values ('R', 'agrundy8', '2023-05-21', '847980543-9', 'bfouch0');
insert into Book_Demand (category, username_su, datetime, isbn, username_libm) values ('R', 'fsturgeon3', '2023-06-02', '435576443-5', 'ehamments1');

insert into Review (isbn, username_su, description, rating, username_libm) values ('661712578-9', 'kdotsony', 'Inverse grid-enabled interface', 4, 'fdoyle2');
insert into Review (isbn, username_su, description, rating, username_libm) values ('796385909-5', 'agrundy8', 'Automated didactic hierarchy', 4, 'ehamments1');
insert into Review (isbn, username_su, description, rating, username_libm) values ('588612284-2', 'sdrohunc', 'Quality-focused mobile frame', 5, 'fdoyle2');
insert into Review (isbn, username_su, description, rating, username_libm) values ('630857188-1', 'jcuthilln', 'Profound asymmetric synergy', 4, 'bfouch0');
insert into Review (isbn, username_su, description, rating, username_libm) values ('814380897-1', 'slaverack5', 'Re-contextualized responsive software', 2, 'fdoyle2');
insert into Review (isbn, username_su, description, rating, username_libm) values ('816163243-X', 'ehamments1', 'Balanced leading edge definition', 5, 'ehamments1');
insert into Review (isbn, username_su, description, rating, username_libm) values ('872848191-7', 'ihayes5', 'Optional empowering workforce', 2, 'fsturgeon3');
insert into Review (isbn, username_su, description, rating, username_libm) values ('814380897-1', 'fsturgeon3', 'Fundamental web-enabled intranet', 4, 'ehamments1');
insert into Review (isbn, username_su, description, rating, username_libm) values ('190843991-2', 'gjaramv', 'Virtual scalable success', 3, 'fsturgeon3');
insert into Review (isbn, username_su, description, rating, username_libm) values ('021192483-0', 'iriselye', 'Sharable radical groupware', 2, 'fsturgeon3');
insert into Review (isbn, username_su, description, rating, username_libm) values ('335026974-5', 'cstarfordx', 'Organized multimedia database', 5, 'fdoyle2');
insert into Review (isbn, username_su, description, rating, username_libm) values ('109770050-X', 'arebert9', 'Innovative discrete workforce', 5, 'bfouch0');
insert into Review (isbn, username_su, description, rating, username_libm) values ('641730241-5', 'mraddenr', 'Up-sized value-added toolset', 4, 'fsturgeon3');
insert into Review (isbn, username_su, description, rating, username_libm) values ('630857188-1', 'hriolfic', 'Adaptive attitude-oriented info-mediaries', 4, 'bfouch0');
insert into Review (isbn, username_su, description, rating, username_libm) values ('782157913-0', 'mwhittall1', 'Customizable static open architecture', 5, 'fsturgeon3');
insert into Review (isbn, username_su, description, rating, username_libm) values ('270619755-2', 'dandreassenf', 'Re-engineered upward-trending budgetary management', 5, 'fsturgeon3');
insert into Review (isbn, username_su, description, rating, username_libm) values ('279605461-6', 'fsturgeon3', 'Optional national software', 4, 'fsturgeon3');
insert into Review (isbn, username_su, description, rating, username_libm) values ('256164064-7', 'kbarthelt', 'Multi-layered leading edge strategy', 1, 'fdoyle2');
insert into Review (isbn, username_su, description, rating, username_libm) values ('661712578-9', 'akitchin4', 'Assimilated human-resource Graphic Interface', 1, 'fdoyle2');
insert into Review (isbn, username_su, description, rating, username_libm) values ('274397070-7', 'pburselld', 'Fundamental solution-oriented parallelism', 3, 'fsturgeon3');
insert into Review (isbn, username_su, description, rating, username_libm) values ('768394214-6', 'ihayes5', 'Extended cohesive challenge', 3, 'fdoyle2');
insert into Review (isbn, username_su, description, rating, username_libm) values ('958166669-9', 'thartilj', 'Compatible eco-centric architecture', 2, 'bfouch0');
insert into Review (isbn, username_su, description, rating, username_libm) values ('079636994-1', 'pcraigsu', 'Optional tangible concept', 2, 'fdoyle2');
insert into Review (isbn, username_su, description, rating, username_libm) values ('079636994-1', 'fmaroneys', 'Programmable mission-critical leverage', 2, 'fsturgeon3');
insert into Review (isbn, username_su, description, rating, username_libm) values ('362539051-5', 'fpopov1', 'User-centric real-time process improvement', 2, 'bfouch0');
insert into Review (isbn, username_su, description, rating, username_libm) values ('630857188-1', 'sambresinb', 'Re-engineered national leverage', 4, 'fdoyle2');
insert into Review (isbn, username_su, description, rating, username_libm) values ('120989562-5', 'fbaned', 'Total content-based budgetary management', 3, 'fsturgeon3');
insert into Review (isbn, username_su, description, rating, username_libm) values ('036184533-2', 'cstarfordx', 'Enterprise-wide zero administration hub', 1, 'fsturgeon3');
insert into Review (isbn, username_su, description, rating, username_libm) values ('385253339-2', 'iriselye', 'Distributed executive function', 3, 'fsturgeon3');
insert into Review (isbn, username_su, description, rating, username_libm) values ('798583766-3', 'kbarthelt', 'Team-oriented content-based attitude', 3, 'ehamments1');

insert into Book_has_key_word (Book_isbn, key_word_kw_id) values ('958166669-9', 1);
insert into Book_has_key_word (Book_isbn, key_word_kw_id) values ('109770050-X', 2);
insert into Book_has_key_word (Book_isbn, key_word_kw_id) values ('781417377-9', 3);
insert into Book_has_key_word (Book_isbn, key_word_kw_id) values ('270619755-2', 4);
insert into Book_has_key_word (Book_isbn, key_word_kw_id) values ('079636994-1', 5);
insert into Book_has_key_word (Book_isbn, key_word_kw_id) values ('999476409-8', 6);
insert into Book_has_key_word (Book_isbn, key_word_kw_id) values ('930759452-X', 7);
insert into Book_has_key_word (Book_isbn, key_word_kw_id) values ('583287701-2', 8);
insert into Book_has_key_word (Book_isbn, key_word_kw_id) values ('385253339-2', 9);
insert into Book_has_key_word (Book_isbn, key_word_kw_id) values ('038634678-X', 10);
insert into Book_has_key_word (Book_isbn, key_word_kw_id) values ('847980543-9', 11);
insert into Book_has_key_word (Book_isbn, key_word_kw_id) values ('634981305-7', 12);
insert into Book_has_key_word (Book_isbn, key_word_kw_id) values ('559694780-6', 13);
insert into Book_has_key_word (Book_isbn, key_word_kw_id) values ('919157986-4', 14);
insert into Book_has_key_word (Book_isbn, key_word_kw_id) values ('335026974-5', 15);
insert into Book_has_key_word (Book_isbn, key_word_kw_id) values ('580940561-4', 16);
insert into Book_has_key_word (Book_isbn, key_word_kw_id) values ('923988156-5', 17);
insert into Book_has_key_word (Book_isbn, key_word_kw_id) values ('445770273-0', 18);
insert into Book_has_key_word (Book_isbn, key_word_kw_id) values ('457687794-1', 19);
insert into Book_has_key_word (Book_isbn, key_word_kw_id) values ('867204930-6', 20);
insert into Book_has_key_word (Book_isbn, key_word_kw_id) values ('540895810-8', 21);
insert into Book_has_key_word (Book_isbn, key_word_kw_id) values ('120989562-5', 22);
insert into Book_has_key_word (Book_isbn, key_word_kw_id) values ('886716966-1', 23);
insert into Book_has_key_word (Book_isbn, key_word_kw_id) values ('630857188-1', 24);
insert into Book_has_key_word (Book_isbn, key_word_kw_id) values ('643352451-6', 25);
insert into Book_has_key_word (Book_isbn, key_word_kw_id) values ('562441032-8', 26);
insert into Book_has_key_word (Book_isbn, key_word_kw_id) values ('311758631-8', 27);
insert into Book_has_key_word (Book_isbn, key_word_kw_id) values ('150437244-1', 28);
insert into Book_has_key_word (Book_isbn, key_word_kw_id) values ('004209049-0', 29);
insert into Book_has_key_word (Book_isbn, key_word_kw_id) values ('095642003-6', 30);
insert into Book_has_key_word (Book_isbn, key_word_kw_id) values ('275492398-5', 31);
insert into Book_has_key_word (Book_isbn, key_word_kw_id) values ('782157913-0', 32);
insert into Book_has_key_word (Book_isbn, key_word_kw_id) values ('410601877-2', 33);
insert into Book_has_key_word (Book_isbn, key_word_kw_id) values ('588612284-2', 34);
insert into Book_has_key_word (Book_isbn, key_word_kw_id) values ('257326336-3', 35);
insert into Book_has_key_word (Book_isbn, key_word_kw_id) values ('971882241-0', 36);
insert into Book_has_key_word (Book_isbn, key_word_kw_id) values ('953027496-3', 37);
insert into Book_has_key_word (Book_isbn, key_word_kw_id) values ('708451019-2', 38);
insert into Book_has_key_word (Book_isbn, key_word_kw_id) values ('706600846-4', 39);
insert into Book_has_key_word (Book_isbn, key_word_kw_id) values ('064405569-3', 40);
insert into Book_has_key_word (Book_isbn, key_word_kw_id) values ('435576443-5', 41);
insert into Book_has_key_word (Book_isbn, key_word_kw_id) values ('641730241-5', 42);
insert into Book_has_key_word (Book_isbn, key_word_kw_id) values ('343997367-0', 43);
insert into Book_has_key_word (Book_isbn, key_word_kw_id) values ('698884074-5', 44);
insert into Book_has_key_word (Book_isbn, key_word_kw_id) values ('710129604-1', 45);
insert into Book_has_key_word (Book_isbn, key_word_kw_id) values ('796385909-5', 46);
insert into Book_has_key_word (Book_isbn, key_word_kw_id) values ('972051736-0', 47);
insert into Book_has_key_word (Book_isbn, key_word_kw_id) values ('080616372-0', 48);
insert into Book_has_key_word (Book_isbn, key_word_kw_id) values ('021192483-0', 49);
insert into Book_has_key_word (Book_isbn, key_word_kw_id) values ('361399554-9', 50);
insert into Book_has_key_word (Book_isbn, key_word_kw_id) values ('274397070-7', 51);
insert into Book_has_key_word (Book_isbn, key_word_kw_id) values ('039708763-2', 52);
insert into Book_has_key_word (Book_isbn, key_word_kw_id) values ('234678229-7', 53);
insert into Book_has_key_word (Book_isbn, key_word_kw_id) values ('115565021-2', 54);
insert into Book_has_key_word (Book_isbn, key_word_kw_id) values ('883334162-3', 55);
insert into Book_has_key_word (Book_isbn, key_word_kw_id) values ('313176239-X', 56);
insert into Book_has_key_word (Book_isbn, key_word_kw_id) values ('341182183-3', 57);
insert into Book_has_key_word (Book_isbn, key_word_kw_id) values ('013338867-0', 58);
insert into Book_has_key_word (Book_isbn, key_word_kw_id) values ('840102695-4', 59);
insert into Book_has_key_word (Book_isbn, key_word_kw_id) values ('717972132-8', 60);
insert into Book_has_key_word (Book_isbn, key_word_kw_id) values ('264142728-1', 61);
insert into Book_has_key_word (Book_isbn, key_word_kw_id) values ('814380897-1', 62);
insert into Book_has_key_word (Book_isbn, key_word_kw_id) values ('994596141-1', 63);
insert into Book_has_key_word (Book_isbn, key_word_kw_id) values ('675328532-6', 64);
insert into Book_has_key_word (Book_isbn, key_word_kw_id) values ('279605461-6', 65);
insert into Book_has_key_word (Book_isbn, key_word_kw_id) values ('750969365-9', 66);
insert into Book_has_key_word (Book_isbn, key_word_kw_id) values ('495863415-0', 67);
insert into Book_has_key_word (Book_isbn, key_word_kw_id) values ('183616941-8', 68);
insert into Book_has_key_word (Book_isbn, key_word_kw_id) values ('470882169-7', 69);
insert into Book_has_key_word (Book_isbn, key_word_kw_id) values ('433205311-7', 70);
insert into Book_has_key_word (Book_isbn, key_word_kw_id) values ('412015437-8', 71);
insert into Book_has_key_word (Book_isbn, key_word_kw_id) values ('529025968-6', 72);
insert into Book_has_key_word (Book_isbn, key_word_kw_id) values ('323179765-9', 73);
insert into Book_has_key_word (Book_isbn, key_word_kw_id) values ('823153426-1', 74);
insert into Book_has_key_word (Book_isbn, key_word_kw_id) values ('153937955-8', 75);
insert into Book_has_key_word (Book_isbn, key_word_kw_id) values ('872848191-7', 76);
insert into Book_has_key_word (Book_isbn, key_word_kw_id) values ('555023150-6', 77);
insert into Book_has_key_word (Book_isbn, key_word_kw_id) values ('446044205-1', 78);
insert into Book_has_key_word (Book_isbn, key_word_kw_id) values ('657161036-1', 79);
insert into Book_has_key_word (Book_isbn, key_word_kw_id) values ('569812248-2', 80);
insert into Book_has_key_word (Book_isbn, key_word_kw_id) values ('037866959-1', 81);
insert into Book_has_key_word (Book_isbn, key_word_kw_id) values ('878012143-8', 82);
insert into Book_has_key_word (Book_isbn, key_word_kw_id) values ('166615463-6', 83);
insert into Book_has_key_word (Book_isbn, key_word_kw_id) values ('438449600-1', 84);
insert into Book_has_key_word (Book_isbn, key_word_kw_id) values ('591686261-X', 85);
insert into Book_has_key_word (Book_isbn, key_word_kw_id) values ('799993816-5', 1);
insert into Book_has_key_word (Book_isbn, key_word_kw_id) values ('362539051-5', 2);
insert into Book_has_key_word (Book_isbn, key_word_kw_id) values ('628143344-0', 3);
insert into Book_has_key_word (Book_isbn, key_word_kw_id) values ('908865993-1', 4);
insert into Book_has_key_word (Book_isbn, key_word_kw_id) values ('022856842-0', 5);
insert into Book_has_key_word (Book_isbn, key_word_kw_id) values ('191322497-X', 6);
insert into Book_has_key_word (Book_isbn, key_word_kw_id) values ('093308098-0', 7);
insert into Book_has_key_word (Book_isbn, key_word_kw_id) values ('653530477-9', 8);
insert into Book_has_key_word (Book_isbn, key_word_kw_id) values ('588235685-7', 9);
insert into Book_has_key_word (Book_isbn, key_word_kw_id) values ('353954297-3', 10);
insert into Book_has_key_word (Book_isbn, key_word_kw_id) values ('991396106-8', 11);
insert into Book_has_key_word (Book_isbn, key_word_kw_id) values ('334886032-6', 12);
insert into Book_has_key_word (Book_isbn, key_word_kw_id) values ('312960526-6', 13);
insert into Book_has_key_word (Book_isbn, key_word_kw_id) values ('044999813-4', 14);
insert into Book_has_key_word (Book_isbn, key_word_kw_id) values ('573606558-4', 15);
insert into Book_has_key_word (Book_isbn, key_word_kw_id) values ('212773539-0', 16);
insert into Book_has_key_word (Book_isbn, key_word_kw_id) values ('256164064-7', 17);
insert into Book_has_key_word (Book_isbn, key_word_kw_id) values ('997247376-7', 18);
insert into Book_has_key_word (Book_isbn, key_word_kw_id) values ('508591695-6', 19);
insert into Book_has_key_word (Book_isbn, key_word_kw_id) values ('831271005-1', 20);
insert into Book_has_key_word (Book_isbn, key_word_kw_id) values ('576974821-4', 21);
insert into Book_has_key_word (Book_isbn, key_word_kw_id) values ('821488444-6', 22);
insert into Book_has_key_word (Book_isbn, key_word_kw_id) values ('798583766-3', 23);
insert into Book_has_key_word (Book_isbn, key_word_kw_id) values ('251271230-3', 24);
insert into Book_has_key_word (Book_isbn, key_word_kw_id) values ('400961030-1', 25);
insert into Book_has_key_word (Book_isbn, key_word_kw_id) values ('430867448-4', 26);
insert into Book_has_key_word (Book_isbn, key_word_kw_id) values ('969457211-8', 27);
insert into Book_has_key_word (Book_isbn, key_word_kw_id) values ('063494092-9', 28);
insert into Book_has_key_word (Book_isbn, key_word_kw_id) values ('258277154-6', 29);
insert into Book_has_key_word (Book_isbn, key_word_kw_id) values ('556714145-9', 30);
insert into Book_has_key_word (Book_isbn, key_word_kw_id) values ('295296971-X', 31);
insert into Book_has_key_word (Book_isbn, key_word_kw_id) values ('663025338-8', 32);
insert into Book_has_key_word (Book_isbn, key_word_kw_id) values ('319845885-4', 33);
insert into Book_has_key_word (Book_isbn, key_word_kw_id) values ('127262792-6', 34);
insert into Book_has_key_word (Book_isbn, key_word_kw_id) values ('039421734-9', 35);
insert into Book_has_key_word (Book_isbn, key_word_kw_id) values ('816163243-X', 36);
insert into Book_has_key_word (Book_isbn, key_word_kw_id) values ('042194099-9', 37);
insert into Book_has_key_word (Book_isbn, key_word_kw_id) values ('085869928-1', 38);
insert into Book_has_key_word (Book_isbn, key_word_kw_id) values ('713971395-2', 39);
insert into Book_has_key_word (Book_isbn, key_word_kw_id) values ('190843991-2', 40);
insert into Book_has_key_word (Book_isbn, key_word_kw_id) values ('095996923-3', 41);
insert into Book_has_key_word (Book_isbn, key_word_kw_id) values ('248470724-X', 42);
insert into Book_has_key_word (Book_isbn, key_word_kw_id) values ('238008818-7', 43);
insert into Book_has_key_word (Book_isbn, key_word_kw_id) values ('413868073-X', 44);
insert into Book_has_key_word (Book_isbn, key_word_kw_id) values ('517086987-8', 45);
insert into Book_has_key_word (Book_isbn, key_word_kw_id) values ('297286562-6', 46);
insert into Book_has_key_word (Book_isbn, key_word_kw_id) values ('987403454-8', 47);
insert into Book_has_key_word (Book_isbn, key_word_kw_id) values ('661712578-9', 48);
insert into Book_has_key_word (Book_isbn, key_word_kw_id) values ('550547091-2', 49);
insert into Book_has_key_word (Book_isbn, key_word_kw_id) values ('036184533-2', 50);
insert into Book_has_key_word (Book_isbn, key_word_kw_id) values ('497139795-7', 51);
insert into Book_has_key_word (Book_isbn, key_word_kw_id) values ('988849558-5', 52);
insert into Book_has_key_word (Book_isbn, key_word_kw_id) values ('964537060-4', 53);
insert into Book_has_key_word (Book_isbn, key_word_kw_id) values ('367177475-4', 54);
insert into Book_has_key_word (Book_isbn, key_word_kw_id) values ('243363284-6', 55);
insert into Book_has_key_word (Book_isbn, key_word_kw_id) values ('209231464-5', 56);
insert into Book_has_key_word (Book_isbn, key_word_kw_id) values ('745566894-5', 57);
insert into Book_has_key_word (Book_isbn, key_word_kw_id) values ('768394214-6', 58);
insert into Book_has_key_word (Book_isbn, key_word_kw_id) values ('263683834-1', 59);
insert into Book_has_key_word (Book_isbn, key_word_kw_id) values ('132264744-5', 60);
insert into Book_has_key_word (Book_isbn, key_word_kw_id) values ('243444448-2', 61);
insert into Book_has_key_word (Book_isbn, key_word_kw_id) values ('038536812-7', 62);
insert into Book_has_key_word (Book_isbn, key_word_kw_id) values ('714307058-0', 63);
insert into Book_has_key_word (Book_isbn, key_word_kw_id) values ('972084487-6', 64);
insert into Book_has_key_word (Book_isbn, key_word_kw_id) values ('024740718-6', 65);

insert into Book_has_Genre (Book_isbn, Genre_genre_id) values ('847980543-9', 12);
insert into Book_has_Genre (Book_isbn, Genre_genre_id) values ('999476409-8', 10);
insert into Book_has_Genre (Book_isbn, Genre_genre_id) values ('361399554-9', 14);
insert into Book_has_Genre (Book_isbn, Genre_genre_id) values ('341182183-3', 9);
insert into Book_has_Genre (Book_isbn, Genre_genre_id) values ('883334162-3', 14);
insert into Book_has_Genre (Book_isbn, Genre_genre_id) values ('972051736-0', 5);
insert into Book_has_Genre (Book_isbn, Genre_genre_id) values ('878012143-8', 13);
insert into Book_has_Genre (Book_isbn, Genre_genre_id) values ('657161036-1', 16);
insert into Book_has_Genre (Book_isbn, Genre_genre_id) values ('821488444-6', 2);
insert into Book_has_Genre (Book_isbn, Genre_genre_id) values ('063494092-9', 12);
insert into Book_has_Genre (Book_isbn, Genre_genre_id) values ('628143344-0', 7);
insert into Book_has_Genre (Book_isbn, Genre_genre_id) values ('630857188-1', 3);
insert into Book_has_Genre (Book_isbn, Genre_genre_id) values ('085869928-1', 9);
insert into Book_has_Genre (Book_isbn, Genre_genre_id) values ('628143344-0', 7);
insert into Book_has_Genre (Book_isbn, Genre_genre_id) values ('872848191-7', 7);
insert into Book_has_Genre (Book_isbn, Genre_genre_id) values ('872848191-7', 3);
insert into Book_has_Genre (Book_isbn, Genre_genre_id) values ('275492398-5', 5);
insert into Book_has_Genre (Book_isbn, Genre_genre_id) values ('988849558-5', 2);
insert into Book_has_Genre (Book_isbn, Genre_genre_id) values ('038536812-7', 6);
insert into Book_has_Genre (Book_isbn, Genre_genre_id) values ('270619755-2', 10);
insert into Book_has_Genre (Book_isbn, Genre_genre_id) values ('559694780-6', 3);
insert into Book_has_Genre (Book_isbn, Genre_genre_id) values ('883334162-3', 6);
insert into Book_has_Genre (Book_isbn, Genre_genre_id) values ('634981305-7', 9);
insert into Book_has_Genre (Book_isbn, Genre_genre_id) values ('710129604-1', 2);
insert into Book_has_Genre (Book_isbn, Genre_genre_id) values ('710129604-1', 6);
insert into Book_has_Genre (Book_isbn, Genre_genre_id) values ('630857188-1', 5);
insert into Book_has_Genre (Book_isbn, Genre_genre_id) values ('657161036-1', 9);
insert into Book_has_Genre (Book_isbn, Genre_genre_id) values ('750969365-9', 13);
insert into Book_has_Genre (Book_isbn, Genre_genre_id) values ('166615463-6', 14);
insert into Book_has_Genre (Book_isbn, Genre_genre_id) values ('361399554-9', 1);
insert into Book_has_Genre (Book_isbn, Genre_genre_id) values ('816163243-X', 10);
insert into Book_has_Genre (Book_isbn, Genre_genre_id) values ('279605461-6', 5);
insert into Book_has_Genre (Book_isbn, Genre_genre_id) values ('343997367-0', 4);
insert into Book_has_Genre (Book_isbn, Genre_genre_id) values ('823153426-1', 6);
insert into Book_has_Genre (Book_isbn, Genre_genre_id) values ('334886032-6', 12);
insert into Book_has_Genre (Book_isbn, Genre_genre_id) values ('037866959-1', 4);
insert into Book_has_Genre (Book_isbn, Genre_genre_id) values ('150437244-1', 5);
insert into Book_has_Genre (Book_isbn, Genre_genre_id) values ('988849558-5', 2);
insert into Book_has_Genre (Book_isbn, Genre_genre_id) values ('867204930-6', 1);
insert into Book_has_Genre (Book_isbn, Genre_genre_id) values ('150437244-1', 4);
insert into Book_has_Genre (Book_isbn, Genre_genre_id) values ('556714145-9', 13);
insert into Book_has_Genre (Book_isbn, Genre_genre_id) values ('923988156-5', 2);
insert into Book_has_Genre (Book_isbn, Genre_genre_id) values ('517086987-8', 3);
insert into Book_has_Genre (Book_isbn, Genre_genre_id) values ('908865993-1', 11);
insert into Book_has_Genre (Book_isbn, Genre_genre_id) values ('038634678-X', 10);
insert into Book_has_Genre (Book_isbn, Genre_genre_id) values ('999476409-8', 5);
insert into Book_has_Genre (Book_isbn, Genre_genre_id) values ('295296971-X', 16);
insert into Book_has_Genre (Book_isbn, Genre_genre_id) values ('243363284-6', 7);
insert into Book_has_Genre (Book_isbn, Genre_genre_id) values ('335026974-5', 14);
insert into Book_has_Genre (Book_isbn, Genre_genre_id) values ('457687794-1', 1);
insert into Book_has_Genre (Book_isbn, Genre_genre_id) values ('796385909-5', 9);
insert into Book_has_Genre (Book_isbn, Genre_genre_id) values ('630857188-1', 13);
insert into Book_has_Genre (Book_isbn, Genre_genre_id) values ('263683834-1', 6);
insert into Book_has_Genre (Book_isbn, Genre_genre_id) values ('997247376-7', 13);
insert into Book_has_Genre (Book_isbn, Genre_genre_id) values ('353954297-3', 1);
insert into Book_has_Genre (Book_isbn, Genre_genre_id) values ('750969365-9', 2);
insert into Book_has_Genre (Book_isbn, Genre_genre_id) values ('297286562-6', 4);
insert into Book_has_Genre (Book_isbn, Genre_genre_id) values ('334886032-6', 13);
insert into Book_has_Genre (Book_isbn, Genre_genre_id) values ('816163243-X', 5);
insert into Book_has_Genre (Book_isbn, Genre_genre_id) values ('591686261-X', 7);
insert into Book_has_Genre (Book_isbn, Genre_genre_id) values ('831271005-1', 2);
insert into Book_has_Genre (Book_isbn, Genre_genre_id) values ('313176239-X', 11);
insert into Book_has_Genre (Book_isbn, Genre_genre_id) values ('562441032-8', 6);
insert into Book_has_Genre (Book_isbn, Genre_genre_id) values ('243444448-2', 6);
insert into Book_has_Genre (Book_isbn, Genre_genre_id) values ('628143344-0', 4);
insert into Book_has_Genre (Book_isbn, Genre_genre_id) values ('457687794-1', 12);
insert into Book_has_Genre (Book_isbn, Genre_genre_id) values ('212773539-0', 6);
insert into Book_has_Genre (Book_isbn, Genre_genre_id) values ('988849558-5', 10);
insert into Book_has_Genre (Book_isbn, Genre_genre_id) values ('886716966-1', 8);
insert into Book_has_Genre (Book_isbn, Genre_genre_id) values ('445770273-0', 11);
insert into Book_has_Genre (Book_isbn, Genre_genre_id) values ('556714145-9', 5);
insert into Book_has_Genre (Book_isbn, Genre_genre_id) values ('341182183-3', 5);
insert into Book_has_Genre (Book_isbn, Genre_genre_id) values ('038634678-X', 7);
insert into Book_has_Genre (Book_isbn, Genre_genre_id) values ('132264744-5', 15);
insert into Book_has_Genre (Book_isbn, Genre_genre_id) values ('258277154-6', 1);
insert into Book_has_Genre (Book_isbn, Genre_genre_id) values ('745566894-5', 1);
insert into Book_has_Genre (Book_isbn, Genre_genre_id) values ('634981305-7', 7);
insert into Book_has_Genre (Book_isbn, Genre_genre_id) values ('209231464-5', 3);
insert into Book_has_Genre (Book_isbn, Genre_genre_id) values ('036184533-2', 4);
insert into Book_has_Genre (Book_isbn, Genre_genre_id) values ('039421734-9', 9);
insert into Book_has_Genre (Book_isbn, Genre_genre_id) values ('335026974-5', 12);
insert into Book_has_Genre (Book_isbn, Genre_genre_id) values ('343997367-0', 1);
insert into Book_has_Genre (Book_isbn, Genre_genre_id) values ('457687794-1', 2);
insert into Book_has_Genre (Book_isbn, Genre_genre_id) values ('750969365-9', 3);
insert into Book_has_Genre (Book_isbn, Genre_genre_id) values ('445770273-0', 10);
insert into Book_has_Genre (Book_isbn, Genre_genre_id) values ('209231464-5', 11);
insert into Book_has_Genre (Book_isbn, Genre_genre_id) values ('573606558-4', 4);
insert into Book_has_Genre (Book_isbn, Genre_genre_id) values ('323179765-9', 6);
insert into Book_has_Genre (Book_isbn, Genre_genre_id) values ('923988156-5', 7);
insert into Book_has_Genre (Book_isbn, Genre_genre_id) values ('872848191-7', 15);
insert into Book_has_Genre (Book_isbn, Genre_genre_id) values ('997247376-7', 7);
insert into Book_has_Genre (Book_isbn, Genre_genre_id) values ('044999813-4', 11);
insert into Book_has_Genre (Book_isbn, Genre_genre_id) values ('319845885-4', 11);
insert into Book_has_Genre (Book_isbn, Genre_genre_id) values ('435576443-5', 11);
insert into Book_has_Genre (Book_isbn, Genre_genre_id) values ('628143344-0', 15);
insert into Book_has_Genre (Book_isbn, Genre_genre_id) values ('153937955-8', 14);
insert into Book_has_Genre (Book_isbn, Genre_genre_id) values ('675328532-6', 8);
insert into Book_has_Genre (Book_isbn, Genre_genre_id) values ('556714145-9', 4);
insert into Book_has_Genre (Book_isbn, Genre_genre_id) values ('295296971-X', 3);
insert into Book_has_Genre (Book_isbn, Genre_genre_id) values ('362539051-5', 8);
insert into Book_has_Genre (Book_isbn, Genre_genre_id) values ('413868073-X', 12);
insert into Book_has_Genre (Book_isbn, Genre_genre_id) values ('166615463-6', 16);
insert into Book_has_Genre (Book_isbn, Genre_genre_id) values ('768394214-6', 11);
insert into Book_has_Genre (Book_isbn, Genre_genre_id) values ('127262792-6', 13);
insert into Book_has_Genre (Book_isbn, Genre_genre_id) values ('438449600-1', 16);
insert into Book_has_Genre (Book_isbn, Genre_genre_id) values ('297286562-6', 14);
insert into Book_has_Genre (Book_isbn, Genre_genre_id) values ('279605461-6', 15);
insert into Book_has_Genre (Book_isbn, Genre_genre_id) values ('319845885-4', 3);
insert into Book_has_Genre (Book_isbn, Genre_genre_id) values ('413868073-X', 6);
insert into Book_has_Genre (Book_isbn, Genre_genre_id) values ('438449600-1', 3);
insert into Book_has_Genre (Book_isbn, Genre_genre_id) values ('550547091-2', 5);
insert into Book_has_Genre (Book_isbn, Genre_genre_id) values ('816163243-X', 6);
insert into Book_has_Genre (Book_isbn, Genre_genre_id) values ('445770273-0', 1);
insert into Book_has_Genre (Book_isbn, Genre_genre_id) values ('583287701-2', 15);
insert into Book_has_Genre (Book_isbn, Genre_genre_id) values ('821488444-6', 13);
insert into Book_has_Genre (Book_isbn, Genre_genre_id) values ('275492398-5', 8);
insert into Book_has_Genre (Book_isbn, Genre_genre_id) values ('988849558-5', 7);
insert into Book_has_Genre (Book_isbn, Genre_genre_id) values ('556714145-9', 12);
insert into Book_has_Genre (Book_isbn, Genre_genre_id) values ('958166669-9', 1);
insert into Book_has_Genre (Book_isbn, Genre_genre_id) values ('313176239-X', 3);
insert into Book_has_Genre (Book_isbn, Genre_genre_id) values ('022856842-0', 4);
insert into Book_has_Genre (Book_isbn, Genre_genre_id) values ('569812248-2', 10);
insert into Book_has_Genre (Book_isbn, Genre_genre_id) values ('042194099-9', 1);
insert into Book_has_Genre (Book_isbn, Genre_genre_id) values ('109770050-X', 13);
insert into Book_has_Genre (Book_isbn, Genre_genre_id) values ('079636994-1', 16);
insert into Book_has_Genre (Book_isbn, Genre_genre_id) values ('991396106-8', 5);
insert into Book_has_Genre (Book_isbn, Genre_genre_id) values ('234678229-7', 9);
insert into Book_has_Genre (Book_isbn, Genre_genre_id) values ('972084487-6', 11);
insert into Book_has_Genre (Book_isbn, Genre_genre_id) values ('953027496-3', 10);
insert into Book_has_Genre (Book_isbn, Genre_genre_id) values ('971882241-0', 13);
insert into Book_has_Genre (Book_isbn, Genre_genre_id) values ('095996923-3', 5);
insert into Book_has_Genre (Book_isbn, Genre_genre_id) values ('713971395-2', 6);
insert into Book_has_Genre (Book_isbn, Genre_genre_id) values ('930759452-X', 8);
insert into Book_has_Genre (Book_isbn, Genre_genre_id) values ('588235685-7', 11);
insert into Book_has_Genre (Book_isbn, Genre_genre_id) values ('497139795-7', 5);
insert into Book_has_Genre (Book_isbn, Genre_genre_id) values ('343997367-0', 8);
insert into Book_has_Genre (Book_isbn, Genre_genre_id) values ('653530477-9', 10);
insert into Book_has_Genre (Book_isbn, Genre_genre_id) values ('997247376-7', 5);
insert into Book_has_Genre (Book_isbn, Genre_genre_id) values ('275492398-5', 12);
insert into Book_has_Genre (Book_isbn, Genre_genre_id) values ('042194099-9', 9);
insert into Book_has_Genre (Book_isbn, Genre_genre_id) values ('821488444-6', 13);
insert into Book_has_Genre (Book_isbn, Genre_genre_id) values ('334886032-6', 10);
insert into Book_has_Genre (Book_isbn, Genre_genre_id) values ('643352451-6', 14);
insert into Book_has_Genre (Book_isbn, Genre_genre_id) values ('013338867-0', 5);
insert into Book_has_Genre (Book_isbn, Genre_genre_id) values ('886716966-1', 15);
insert into Book_has_Genre (Book_isbn, Genre_genre_id) values ('988849558-5', 9);
insert into Book_has_Genre (Book_isbn, Genre_genre_id) values ('706600846-4', 6);
insert into Book_has_Genre (Book_isbn, Genre_genre_id) values ('641730241-5', 14);
insert into Book_has_Genre (Book_isbn, Genre_genre_id) values ('987403454-8', 3);
insert into Book_has_Genre (Book_isbn, Genre_genre_id) values ('109770050-X', 16);
insert into Book_has_Genre (Book_isbn, Genre_genre_id) values ('661712578-9', 2);
insert into Book_has_Genre (Book_isbn, Genre_genre_id) values ('064405569-3', 10);
insert into Book_has_Genre (Book_isbn, Genre_genre_id) values ('641730241-5', 3);
insert into Book_has_Genre (Book_isbn, Genre_genre_id) values ('840102695-4', 2);
insert into Book_has_Genre (Book_isbn, Genre_genre_id) values ('446044205-1', 4);
insert into Book_has_Genre (Book_isbn, Genre_genre_id) values ('997247376-7', 3);
insert into Book_has_Genre (Book_isbn, Genre_genre_id) values ('964537060-4', 9);
insert into Book_has_Genre (Book_isbn, Genre_genre_id) values ('768394214-6', 7);
insert into Book_has_Genre (Book_isbn, Genre_genre_id) values ('953027496-3', 12);
insert into Book_has_Genre (Book_isbn, Genre_genre_id) values ('713971395-2', 9);
insert into Book_has_Genre (Book_isbn, Genre_genre_id) values ('275492398-5', 10);
insert into Book_has_Genre (Book_isbn, Genre_genre_id) values ('079636994-1', 10);
insert into Book_has_Genre (Book_isbn, Genre_genre_id) values ('573606558-4', 14);
insert into Book_has_Genre (Book_isbn, Genre_genre_id) values ('529025968-6', 8);
insert into Book_has_Genre (Book_isbn, Genre_genre_id) values ('583287701-2', 10);
insert into Book_has_Genre (Book_isbn, Genre_genre_id) values ('972084487-6', 14);
insert into Book_has_Genre (Book_isbn, Genre_genre_id) values ('038536812-7', 7);
insert into Book_has_Genre (Book_isbn, Genre_genre_id) values ('958166669-9', 10);
insert into Book_has_Genre (Book_isbn, Genre_genre_id) values ('997247376-7', 2);
insert into Book_has_Genre (Book_isbn, Genre_genre_id) values ('717972132-8', 5);
insert into Book_has_Genre (Book_isbn, Genre_genre_id) values ('470882169-7', 10);
insert into Book_has_Genre (Book_isbn, Genre_genre_id) values ('708451019-2', 14);
insert into Book_has_Genre (Book_isbn, Genre_genre_id) values ('641730241-5', 12);
insert into Book_has_Genre (Book_isbn, Genre_genre_id) values ('022856842-0', 13);
insert into Book_has_Genre (Book_isbn, Genre_genre_id) values ('706600846-4', 8);
insert into Book_has_Genre (Book_isbn, Genre_genre_id) values ('191322497-X', 10);
insert into Book_has_Genre (Book_isbn, Genre_genre_id) values ('038634678-X', 11);
insert into Book_has_Genre (Book_isbn, Genre_genre_id) values ('042194099-9', 14);
insert into Book_has_Genre (Book_isbn, Genre_genre_id) values ('497139795-7', 8);
insert into Book_has_Genre (Book_isbn, Genre_genre_id) values ('042194099-9', 13);
insert into Book_has_Genre (Book_isbn, Genre_genre_id) values ('641730241-5', 12);
insert into Book_has_Genre (Book_isbn, Genre_genre_id) values ('643352451-6', 3);
insert into Book_has_Genre (Book_isbn, Genre_genre_id) values ('191322497-X', 2);
insert into Book_has_Genre (Book_isbn, Genre_genre_id) values ('953027496-3', 11);
insert into Book_has_Genre (Book_isbn, Genre_genre_id) values ('710129604-1', 7);
insert into Book_has_Genre (Book_isbn, Genre_genre_id) values ('710129604-1', 5);
insert into Book_has_Genre (Book_isbn, Genre_genre_id) values ('750969365-9', 2);
insert into Book_has_Genre (Book_isbn, Genre_genre_id) values ('279605461-6', 15);
insert into Book_has_Genre (Book_isbn, Genre_genre_id) values ('999476409-8', 11);
insert into Book_has_Genre (Book_isbn, Genre_genre_id) values ('166615463-6', 5);
insert into Book_has_Genre (Book_isbn, Genre_genre_id) values ('886716966-1', 2);
insert into Book_has_Genre (Book_isbn, Genre_genre_id) values ('238008818-7', 13);
insert into Book_has_Genre (Book_isbn, Genre_genre_id) values ('264142728-1', 3);
insert into Book_has_Genre (Book_isbn, Genre_genre_id) values ('628143344-0', 12);
insert into Book_has_Genre (Book_isbn, Genre_genre_id) values ('190843991-2', 7);
insert into Book_has_Genre (Book_isbn, Genre_genre_id) values ('413868073-X', 6);
insert into Book_has_Genre (Book_isbn, Genre_genre_id) values ('988849558-5', 9);
insert into Book_has_Genre (Book_isbn, Genre_genre_id) values ('085869928-1', 6);
insert into Book_has_Genre (Book_isbn, Genre_genre_id) values ('257326336-3', 16);
insert into Book_has_Genre (Book_isbn, Genre_genre_id) values ('569812248-2', 10);
insert into Book_has_Genre (Book_isbn, Genre_genre_id) values ('661712578-9', 2);
insert into Book_has_Genre (Book_isbn, Genre_genre_id) values ('109770050-X', 16);
insert into Book_has_Genre (Book_isbn, Genre_genre_id) values ('495863415-0', 15);
insert into Book_has_Genre (Book_isbn, Genre_genre_id) values ('495863415-0', 7);
insert into Book_has_Genre (Book_isbn, Genre_genre_id) values ('115565021-2', 11);
insert into Book_has_Genre (Book_isbn, Genre_genre_id) values ('745566894-5', 3);
insert into Book_has_Genre (Book_isbn, Genre_genre_id) values ('341182183-3', 2);
insert into Book_has_Genre (Book_isbn, Genre_genre_id) values ('886716966-1', 14);
insert into Book_has_Genre (Book_isbn, Genre_genre_id) values ('166615463-6', 1);
insert into Book_has_Genre (Book_isbn, Genre_genre_id) values ('994596141-1', 11);
insert into Book_has_Genre (Book_isbn, Genre_genre_id) values ('021192483-0', 4);
insert into Book_has_Genre (Book_isbn, Genre_genre_id) values ('781417377-9', 8);
insert into Book_has_Genre (Book_isbn, Genre_genre_id) values ('799993816-5', 7);
insert into Book_has_Genre (Book_isbn, Genre_genre_id) values ('127262792-6', 16);
insert into Book_has_Genre (Book_isbn, Genre_genre_id) values ('540895810-8', 10);
insert into Book_has_Genre (Book_isbn, Genre_genre_id) values ('750969365-9', 10);
insert into Book_has_Genre (Book_isbn, Genre_genre_id) values ('385253339-2', 16);
insert into Book_has_Genre (Book_isbn, Genre_genre_id) values ('878012143-8', 2);
insert into Book_has_Genre (Book_isbn, Genre_genre_id) values ('988849558-5', 6);
insert into Book_has_Genre (Book_isbn, Genre_genre_id) values ('385253339-2', 5);
insert into Book_has_Genre (Book_isbn, Genre_genre_id) values ('115565021-2', 6);
insert into Book_has_Genre (Book_isbn, Genre_genre_id) values ('768394214-6', 8);
insert into Book_has_Genre (Book_isbn, Genre_genre_id) values ('191322497-X', 12);
insert into Book_has_Genre (Book_isbn, Genre_genre_id) values ('847980543-9', 6);
insert into Book_has_Genre (Book_isbn, Genre_genre_id) values ('953027496-3', 4);
insert into Book_has_Genre (Book_isbn, Genre_genre_id) values ('997247376-7', 11);
insert into Book_has_Genre (Book_isbn, Genre_genre_id) values ('591686261-X', 15);
insert into Book_has_Genre (Book_isbn, Genre_genre_id) values ('634981305-7', 13);
insert into Book_has_Genre (Book_isbn, Genre_genre_id) values ('991396106-8', 1);
insert into Book_has_Genre (Book_isbn, Genre_genre_id) values ('814380897-1', 1);
insert into Book_has_Genre (Book_isbn, Genre_genre_id) values ('412015437-8', 9);
insert into Book_has_Genre (Book_isbn, Genre_genre_id) values ('630857188-1', 1);
insert into Book_has_Genre (Book_isbn, Genre_genre_id) values ('663025338-8', 3);
insert into Book_has_Genre (Book_isbn, Genre_genre_id) values ('039708763-2', 4);
insert into Book_has_Genre (Book_isbn, Genre_genre_id) values ('013338867-0', 13);
insert into Book_has_Genre (Book_isbn, Genre_genre_id) values ('311758631-8', 2);
insert into Book_has_Genre (Book_isbn, Genre_genre_id) values ('675328532-6', 8);
insert into Book_has_Genre (Book_isbn, Genre_genre_id) values ('191322497-X', 2);
insert into Book_has_Genre (Book_isbn, Genre_genre_id) values ('969457211-8', 14);
insert into Book_has_Genre (Book_isbn, Genre_genre_id) values ('191322497-X', 11);
insert into Book_has_Genre (Book_isbn, Genre_genre_id) values ('150437244-1', 16);
insert into Book_has_Genre (Book_isbn, Genre_genre_id) values ('166615463-6', 2);
insert into Book_has_Genre (Book_isbn, Genre_genre_id) values ('080616372-0', 12);
insert into Book_has_Genre (Book_isbn, Genre_genre_id) values ('334886032-6', 8);
insert into Book_has_Genre (Book_isbn, Genre_genre_id) values ('591686261-X', 15);
insert into Book_has_Genre (Book_isbn, Genre_genre_id) values ('400961030-1', 15);
insert into Book_has_Genre (Book_isbn, Genre_genre_id) values ('297286562-6', 6);
insert into Book_has_Genre (Book_isbn, Genre_genre_id) values ('470882169-7', 12);
insert into Book_has_Genre (Book_isbn, Genre_genre_id) values ('964537060-4', 11);
insert into Book_has_Genre (Book_isbn, Genre_genre_id) values ('867204930-6', 10);

insert into Book_has_Author (Book_isbn, Author_author_id) values ('958166669-9', 9);
insert into Book_has_Author (Book_isbn, Author_author_id) values ('109770050-X', 48);
insert into Book_has_Author (Book_isbn, Author_author_id) values ('781417377-9', 18);
insert into Book_has_Author (Book_isbn, Author_author_id) values ('270619755-2', 5);
insert into Book_has_Author (Book_isbn, Author_author_id) values ('079636994-1', 5);
insert into Book_has_Author (Book_isbn, Author_author_id) values ('999476409-8', 6);
insert into Book_has_Author (Book_isbn, Author_author_id) values ('930759452-X', 1);
insert into Book_has_Author (Book_isbn, Author_author_id) values ('583287701-2', 4);
insert into Book_has_Author (Book_isbn, Author_author_id) values ('385253339-2', 26);
insert into Book_has_Author (Book_isbn, Author_author_id) values ('038634678-X', 37);
insert into Book_has_Author (Book_isbn, Author_author_id) values ('847980543-9', 6);
insert into Book_has_Author (Book_isbn, Author_author_id) values ('634981305-7', 8);
insert into Book_has_Author (Book_isbn, Author_author_id) values ('559694780-6', 35);
insert into Book_has_Author (Book_isbn, Author_author_id) values ('919157986-4', 47);
insert into Book_has_Author (Book_isbn, Author_author_id) values ('335026974-5', 8);
insert into Book_has_Author (Book_isbn, Author_author_id) values ('580940561-4', 27);
insert into Book_has_Author (Book_isbn, Author_author_id) values ('923988156-5', 11);
insert into Book_has_Author (Book_isbn, Author_author_id) values ('445770273-0', 18);
insert into Book_has_Author (Book_isbn, Author_author_id) values ('457687794-1', 24);
insert into Book_has_Author (Book_isbn, Author_author_id) values ('867204930-6', 37);
insert into Book_has_Author (Book_isbn, Author_author_id) values ('540895810-8', 6);
insert into Book_has_Author (Book_isbn, Author_author_id) values ('120989562-5', 7);
insert into Book_has_Author (Book_isbn, Author_author_id) values ('886716966-1', 21);
insert into Book_has_Author (Book_isbn, Author_author_id) values ('630857188-1', 10);
insert into Book_has_Author (Book_isbn, Author_author_id) values ('643352451-6', 23);
insert into Book_has_Author (Book_isbn, Author_author_id) values ('562441032-8', 47);
insert into Book_has_Author (Book_isbn, Author_author_id) values ('311758631-8', 50);
insert into Book_has_Author (Book_isbn, Author_author_id) values ('150437244-1', 8);
insert into Book_has_Author (Book_isbn, Author_author_id) values ('004209049-0', 24);
insert into Book_has_Author (Book_isbn, Author_author_id) values ('095642003-6', 15);
insert into Book_has_Author (Book_isbn, Author_author_id) values ('275492398-5', 29);
insert into Book_has_Author (Book_isbn, Author_author_id) values ('782157913-0', 9);
insert into Book_has_Author (Book_isbn, Author_author_id) values ('410601877-2', 1);
insert into Book_has_Author (Book_isbn, Author_author_id) values ('588612284-2', 42);
insert into Book_has_Author (Book_isbn, Author_author_id) values ('257326336-3', 14);
insert into Book_has_Author (Book_isbn, Author_author_id) values ('971882241-0', 32);
insert into Book_has_Author (Book_isbn, Author_author_id) values ('953027496-3', 46);
insert into Book_has_Author (Book_isbn, Author_author_id) values ('708451019-2', 45);
insert into Book_has_Author (Book_isbn, Author_author_id) values ('706600846-4', 31);
insert into Book_has_Author (Book_isbn, Author_author_id) values ('064405569-3', 17);
insert into Book_has_Author (Book_isbn, Author_author_id) values ('435576443-5', 48);
insert into Book_has_Author (Book_isbn, Author_author_id) values ('641730241-5', 19);
insert into Book_has_Author (Book_isbn, Author_author_id) values ('343997367-0', 11);
insert into Book_has_Author (Book_isbn, Author_author_id) values ('698884074-5', 31);
insert into Book_has_Author (Book_isbn, Author_author_id) values ('710129604-1', 29);
insert into Book_has_Author (Book_isbn, Author_author_id) values ('796385909-5', 12);
insert into Book_has_Author (Book_isbn, Author_author_id) values ('972051736-0', 42);
insert into Book_has_Author (Book_isbn, Author_author_id) values ('080616372-0', 49);
insert into Book_has_Author (Book_isbn, Author_author_id) values ('021192483-0', 22);
insert into Book_has_Author (Book_isbn, Author_author_id) values ('361399554-9', 4);
insert into Book_has_Author (Book_isbn, Author_author_id) values ('274397070-7', 33);
insert into Book_has_Author (Book_isbn, Author_author_id) values ('039708763-2', 37);
insert into Book_has_Author (Book_isbn, Author_author_id) values ('234678229-7', 1);
insert into Book_has_Author (Book_isbn, Author_author_id) values ('115565021-2', 7);
insert into Book_has_Author (Book_isbn, Author_author_id) values ('883334162-3', 15);
insert into Book_has_Author (Book_isbn, Author_author_id) values ('313176239-X', 47);
insert into Book_has_Author (Book_isbn, Author_author_id) values ('341182183-3', 41);
insert into Book_has_Author (Book_isbn, Author_author_id) values ('013338867-0', 23);
insert into Book_has_Author (Book_isbn, Author_author_id) values ('840102695-4', 46);
insert into Book_has_Author (Book_isbn, Author_author_id) values ('717972132-8', 7);
insert into Book_has_Author (Book_isbn, Author_author_id) values ('264142728-1', 2);
insert into Book_has_Author (Book_isbn, Author_author_id) values ('814380897-1', 9);
insert into Book_has_Author (Book_isbn, Author_author_id) values ('994596141-1', 12);
insert into Book_has_Author (Book_isbn, Author_author_id) values ('675328532-6', 50);
insert into Book_has_Author (Book_isbn, Author_author_id) values ('279605461-6', 16);
insert into Book_has_Author (Book_isbn, Author_author_id) values ('750969365-9', 5);
insert into Book_has_Author (Book_isbn, Author_author_id) values ('495863415-0', 47);
insert into Book_has_Author (Book_isbn, Author_author_id) values ('183616941-8', 25);
insert into Book_has_Author (Book_isbn, Author_author_id) values ('470882169-7', 3);
insert into Book_has_Author (Book_isbn, Author_author_id) values ('433205311-7', 19);
insert into Book_has_Author (Book_isbn, Author_author_id) values ('412015437-8', 5);
insert into Book_has_Author (Book_isbn, Author_author_id) values ('529025968-6', 48);
insert into Book_has_Author (Book_isbn, Author_author_id) values ('323179765-9', 33);
insert into Book_has_Author (Book_isbn, Author_author_id) values ('823153426-1', 13);
insert into Book_has_Author (Book_isbn, Author_author_id) values ('153937955-8', 29);
insert into Book_has_Author (Book_isbn, Author_author_id) values ('872848191-7', 39);
insert into Book_has_Author (Book_isbn, Author_author_id) values ('555023150-6', 41);
insert into Book_has_Author (Book_isbn, Author_author_id) values ('446044205-1', 49);
insert into Book_has_Author (Book_isbn, Author_author_id) values ('657161036-1', 32);
insert into Book_has_Author (Book_isbn, Author_author_id) values ('569812248-2', 5);
insert into Book_has_Author (Book_isbn, Author_author_id) values ('037866959-1', 22);
insert into Book_has_Author (Book_isbn, Author_author_id) values ('878012143-8', 34);
insert into Book_has_Author (Book_isbn, Author_author_id) values ('166615463-6', 39);
insert into Book_has_Author (Book_isbn, Author_author_id) values ('438449600-1', 32);
insert into Book_has_Author (Book_isbn, Author_author_id) values ('591686261-X', 46);
insert into Book_has_Author (Book_isbn, Author_author_id) values ('799993816-5', 6);
insert into Book_has_Author (Book_isbn, Author_author_id) values ('362539051-5', 33);
insert into Book_has_Author (Book_isbn, Author_author_id) values ('628143344-0', 25);
insert into Book_has_Author (Book_isbn, Author_author_id) values ('908865993-1', 40);
insert into Book_has_Author (Book_isbn, Author_author_id) values ('022856842-0', 4);
insert into Book_has_Author (Book_isbn, Author_author_id) values ('191322497-X', 44);
insert into Book_has_Author (Book_isbn, Author_author_id) values ('093308098-0', 30);
insert into Book_has_Author (Book_isbn, Author_author_id) values ('653530477-9', 30);
insert into Book_has_Author (Book_isbn, Author_author_id) values ('588235685-7', 37);
insert into Book_has_Author (Book_isbn, Author_author_id) values ('353954297-3', 1);
insert into Book_has_Author (Book_isbn, Author_author_id) values ('991396106-8', 15);
insert into Book_has_Author (Book_isbn, Author_author_id) values ('334886032-6', 25);
insert into Book_has_Author (Book_isbn, Author_author_id) values ('312960526-6', 41);
insert into Book_has_Author (Book_isbn, Author_author_id) values ('044999813-4', 3);
insert into Book_has_Author (Book_isbn, Author_author_id) values ('573606558-4', 40);
insert into Book_has_Author (Book_isbn, Author_author_id) values ('212773539-0', 14);
insert into Book_has_Author (Book_isbn, Author_author_id) values ('256164064-7', 2);
insert into Book_has_Author (Book_isbn, Author_author_id) values ('997247376-7', 41);
insert into Book_has_Author (Book_isbn, Author_author_id) values ('508591695-6', 20);
insert into Book_has_Author (Book_isbn, Author_author_id) values ('831271005-1', 27);
insert into Book_has_Author (Book_isbn, Author_author_id) values ('576974821-4', 2);
insert into Book_has_Author (Book_isbn, Author_author_id) values ('821488444-6', 30);
insert into Book_has_Author (Book_isbn, Author_author_id) values ('798583766-3', 37);
insert into Book_has_Author (Book_isbn, Author_author_id) values ('251271230-3', 12);
insert into Book_has_Author (Book_isbn, Author_author_id) values ('400961030-1', 9);
insert into Book_has_Author (Book_isbn, Author_author_id) values ('430867448-4', 6);
insert into Book_has_Author (Book_isbn, Author_author_id) values ('969457211-8', 22);
insert into Book_has_Author (Book_isbn, Author_author_id) values ('063494092-9', 40);
insert into Book_has_Author (Book_isbn, Author_author_id) values ('258277154-6', 39);
insert into Book_has_Author (Book_isbn, Author_author_id) values ('556714145-9', 50);
insert into Book_has_Author (Book_isbn, Author_author_id) values ('295296971-X', 16);
insert into Book_has_Author (Book_isbn, Author_author_id) values ('663025338-8', 26);
insert into Book_has_Author (Book_isbn, Author_author_id) values ('319845885-4', 28);
insert into Book_has_Author (Book_isbn, Author_author_id) values ('127262792-6', 9);
insert into Book_has_Author (Book_isbn, Author_author_id) values ('039421734-9', 49);
insert into Book_has_Author (Book_isbn, Author_author_id) values ('816163243-X', 10);
insert into Book_has_Author (Book_isbn, Author_author_id) values ('042194099-9', 49);
insert into Book_has_Author (Book_isbn, Author_author_id) values ('085869928-1', 43);
insert into Book_has_Author (Book_isbn, Author_author_id) values ('713971395-2', 28);
insert into Book_has_Author (Book_isbn, Author_author_id) values ('190843991-2', 35);
insert into Book_has_Author (Book_isbn, Author_author_id) values ('095996923-3', 12);
insert into Book_has_Author (Book_isbn, Author_author_id) values ('248470724-X', 6);
insert into Book_has_Author (Book_isbn, Author_author_id) values ('238008818-7', 5);
insert into Book_has_Author (Book_isbn, Author_author_id) values ('413868073-X', 40);
insert into Book_has_Author (Book_isbn, Author_author_id) values ('517086987-8', 4);
insert into Book_has_Author (Book_isbn, Author_author_id) values ('297286562-6', 41);
insert into Book_has_Author (Book_isbn, Author_author_id) values ('987403454-8', 24);
insert into Book_has_Author (Book_isbn, Author_author_id) values ('661712578-9', 31);
insert into Book_has_Author (Book_isbn, Author_author_id) values ('550547091-2', 46);
insert into Book_has_Author (Book_isbn, Author_author_id) values ('036184533-2', 36);
insert into Book_has_Author (Book_isbn, Author_author_id) values ('497139795-7', 26);
insert into Book_has_Author (Book_isbn, Author_author_id) values ('988849558-5', 7);
insert into Book_has_Author (Book_isbn, Author_author_id) values ('964537060-4', 3);
insert into Book_has_Author (Book_isbn, Author_author_id) values ('367177475-4', 22);
insert into Book_has_Author (Book_isbn, Author_author_id) values ('243363284-6', 38);
insert into Book_has_Author (Book_isbn, Author_author_id) values ('209231464-5', 8);
insert into Book_has_Author (Book_isbn, Author_author_id) values ('745566894-5', 7);
insert into Book_has_Author (Book_isbn, Author_author_id) values ('768394214-6', 26);
insert into Book_has_Author (Book_isbn, Author_author_id) values ('263683834-1', 9);
insert into Book_has_Author (Book_isbn, Author_author_id) values ('132264744-5', 50);
insert into Book_has_Author (Book_isbn, Author_author_id) values ('243444448-2', 36);
insert into Book_has_Author (Book_isbn, Author_author_id) values ('038536812-7', 47);
insert into Book_has_Author (Book_isbn, Author_author_id) values ('714307058-0', 50);
insert into Book_has_Author (Book_isbn, Author_author_id) values ('972084487-6', 28);
insert into Book_has_Author (Book_isbn, Author_author_id) values ('024740718-6', 7);