insert into library_manager (username_libm, password) values ('mpickin0', 'pbC2zOa5Mpo');
insert into library_manager (username_libm, password) values ('oerrichiello1', 'ukq0spqRuV');
insert into library_manager (username_libm, password) values ('ajellman2', 'Wj9Wkorc');
insert into library_manager (username_libm, password) values ('bfarden3', '4A0mv4B8');
insert into library_manager (username_libm, password) values ('stukely4', 'Stg724Dzunq');
insert into library_manager (username_libm, password) values ('kedwick5', 'nrFP01L7oDz8');
insert into library_manager (username_libm, password) values ('flaverenz6', 'Xm3UfzQ');
insert into library_manager (username_libm, password) values ('pleafe7', 'DfyxoP');
insert into library_manager (username_libm, password) values ('mmaffetti8', 'HZhP7Pbk');
insert into library_manager (username_libm, password) values ('drhoades9', '9vyi3o');

insert into school_unit (phone_number,  name,  postal_code,  city, email, principal_name, username_libm) values ('7867202427', 'Yorgos Blofeld', '1018', 'Tālīn', 'nmeiklem0@pen.io', 'Noelyn Meiklem', 'mpickin0');
insert into school_unit (phone_number,  name,  postal_code,  city, email, principal_name, username_libm) values ('4643902568', 'Irene Stroban', '28901 CEDEX 9', 'Chartres', 'bcubley1@reverbnation.com', 'Basil Cubley', 'oerrichiello1');
insert into school_unit (phone_number,  name,  postal_code,  city, email, principal_name, username_libm) values ('3193255894', 'Samuele Filtness', '1018', 'Rabah', 'iclotworthy2@usda.gov', 'Ivy Clotworthy', 'ajellman2');
insert into school_unit (phone_number,  name,  postal_code,  city, email, principal_name, username_libm) values ('5876106296', 'Tanhya Kinnar', '88350-000', 'Brusque', 'gmiddleton3@biblegateway.com', 'Georgia Middleton', 'bfarden3');
insert into school_unit (phone_number,  name,  postal_code,  city, email, principal_name, username_libm) values ('2696832252', 'Salvidor Lutman', '1018', 'Erdu', 'rbawdon4@nih.gov', 'Rafaelita Bawdon', 'stukely4');
insert into school_unit (phone_number,  name,  postal_code,  city, email, principal_name, username_libm) values ('3002587138', 'Robby Wetherald', '1018', 'Choloma', 'egulley5@amazon.de', 'Emilia Gulley', 'kedwick5');
insert into school_unit (phone_number,  name,  postal_code,  city, email, principal_name, username_libm) values ('5502398168', 'Rory Hrus', '1018', 'Tapakrejo', 'tbeedham6@webnode.com', 'Tod Beedham', 'flaverenz6');
insert into school_unit (phone_number,  name,  postal_code,  city, email, principal_name, username_libm) values ('9874162823', 'Willette Petriello', '1018', 'Las Toscas', 'jfeldman7@wikia.com', 'Jake Feldman', 'pleafe7');
insert into school_unit (phone_number,  name,  postal_code,  city, email, principal_name, username_libm) values ('3576336957', 'Valida Arney', '1018', 'Sumberbaru', 'cdanielut8@yandex.ru', 'Ches Danielut', 'mmaffetti8');
insert into school_unit (phone_number,  name,  postal_code,  city, email, principal_name, username_libm) values ('4782365910', 'Page Loffill', '1018', 'Port Area', 'sfaux9@va.gov', 'Sharl Faux', 'drhoades9');

insert into book (isbn, title, publisher, no_of_pages, available_copies, image, language) values ('610701099-8', 'Toe to Toe', 'Jatri', 388, 24252, 51, 'Lao');
insert into book (isbn, title, publisher, no_of_pages, available_copies, image, language) values ('215172469-7', 'Dancing at the Blue Iguana', 'Voonder', 483, 39117, 71, 'Kyrgyz');
insert into book (isbn, title, publisher, no_of_pages, available_copies, image, language) values ('974414226-X', 'Believe Me', 'Rhyloo', 201, 82105, 72, 'Lithuanian');
insert into book (isbn, title, publisher, no_of_pages, available_copies, image, language) values ('125363014-3', 'Stranger in Me, The (Das Fremde in mir)', 'Cogilith', 678, 63132, 98, 'Dzongkha');
insert into book (isbn, title, publisher, no_of_pages, available_copies, image, language) values ('712651723-8', 'Cast A Deadly Spell', 'Einti', 308, 9028, 48, 'Lao');
insert into book (isbn, title, publisher, no_of_pages, available_copies, image, language) values ('815967793-6', 'Invasion of Astro-Monster (Godzilla vs. Monster Zero) (Kaijû daisensô)', 'Yakijo', 495, 49283, 71, 'Pashto');
insert into book (isbn, title, publisher, no_of_pages, available_copies, image, language) values ('746901661-9', 'Empire of the Wolves (L''empire des loups)', 'Quaxo', 711, 63053, 77, 'Swedish');
insert into book (isbn, title, publisher, no_of_pages, available_copies, image, language) values ('325185777-0', '4 for Texas', 'Skaboo', 727, 96305, 41, 'Albanian');
insert into book (isbn, title, publisher, no_of_pages, available_copies, image, language) values ('610682107-0', 'Darktown Strutters (Get Down and Boogie)', 'Babbleopia', 251, 64464, 4, 'West Frisian');
insert into book (isbn, title, publisher, no_of_pages, available_copies, image, language) values ('864420121-2', 'Darkest Night', 'Gabtune', 958, 31952, 61, 'Oriya');
insert into book (isbn, title, publisher, no_of_pages, available_copies, image, language) values ('242082435-0', 'Animal Kingdom, The', 'Jabberstorm', 30, 3656, 35, 'Finnish');
insert into book (isbn, title, publisher, no_of_pages, available_copies, image, language) values ('027123908-5', 'Rock-A-Doodle', 'Geba', 87, 93328, 95, 'Mongolian');
insert into book (isbn, title, publisher, no_of_pages, available_copies, image, language) values ('173103980-8', 'Parking Lot Movie, The', 'Trilith', 773, 47099, 55, 'Yiddish');
insert into book (isbn, title, publisher, no_of_pages, available_copies, image, language) values ('376737869-8', 'Rushmore', 'Zoonoodle', 235, 75237, 100, 'Kannada');
insert into book (isbn, title, publisher, no_of_pages, available_copies, image, language) values ('405843520-8', 'The Reverse', 'Browsedrive', 517, 68858, 77, 'Korean');
insert into book (isbn, title, publisher, no_of_pages, available_copies, image, language) values ('982121020-1', 'Scarlet Empress, The', 'Pixonyx', 973, 29380, 90, 'Afrikaans');
insert into book (isbn, title, publisher, no_of_pages, available_copies, image, language) values ('400402424-2', 'Proprietor, The', 'Jamia', 268, 21666, 95, 'Nepali');
insert into book (isbn, title, publisher, no_of_pages, available_copies, image, language) values ('338410486-2', 'Into the Storm', 'Mybuzz', 252, 82236, 77, 'Indonesian');
insert into book (isbn, title, publisher, no_of_pages, available_copies, image, language) values ('039757430-4', 'Wild Animals (Yasaeng dongmul bohoguyeog)', 'Wikizz', 721, 35305, 79, 'Croatian');
insert into book (isbn, title, publisher, no_of_pages, available_copies, image, language) values ('047797459-7', 'Blue', 'Linktype', 417, 64338, 70, 'Czech');


insert into school_user (username_su, first_name, last_name, password, role, birth_date, phone_number) values ('dlehr0', 'Konstantinos', 'Gkenakos', 'naNCLS', 'T', '1980-01-01', '7867202427');
insert into school_user (username_su, first_name, last_name, password, role, birth_date, phone_number) values ('ndilliway1', 'Zoe', 'Magaliou', 'PIjI09EwC2', 'T', '1980-01-01', '7867202427');
insert into school_user (username_su, first_name, last_name, password, role, birth_date, phone_number) values ('iaverill2', 'Xristoforos', 'Razos', 'L9vZkiXOWV', 'S', '2004-01-01', '4643902568');
insert into school_user (username_su, first_name, last_name, password, role, birth_date, phone_number) values ('ncoyne3', 'Thodoris', 'Axristos', 'DEkK5ed', 'T', '1980-01-01', '4643902568');
insert into school_user (username_su, first_name, last_name, password, role, birth_date, phone_number) values ('vbirney4', 'Konstantinos', 'Magalios', 'ouvoEW8iCb', 'S', '2004-01-01', '4643902568');
insert into school_user (username_su, first_name, last_name, password, role, birth_date, phone_number) values ('scordie5', 'Stelios', 'Bouliaris', 'TdWb6Z', 'S', '2005-01-01', '5876106296');
insert into school_user (username_su, first_name, last_name, password, role, birth_date, phone_number) values ('lbroadbear6', 'Zoe', 'Gkenakou', 'hNED4H', 'T', '1981-01-01', '7867202427');
insert into school_user (username_su, first_name, last_name, password, role, birth_date, phone_number) values ('ctippin7', 'Leonidas', 'Mhxanikos', 'PjR3d58vX', 'T', '1981-01-01', '7867202427');
insert into school_user (username_su, first_name, last_name, password, role, birth_date, phone_number) values ('nnorthedge8', 'Thanasis', 'Tzellas',  'cueTnZDSf', 'S', '2006-01-01', '5876106296');
insert into school_user (username_su, first_name, last_name, password, role, birth_date, phone_number) values ('ttotterdell9', 'Giorgos', 'Gratsonis', 'ws8Rfo', 'S', '2004-01-01', '5876106296');
insert into school_user (username_su, first_name, last_name, password, role, birth_date, phone_number) values ('ainkpena', 'Antonis', 'Kountouris', 'u8ZItTi', 'T', '1980-01-01', '5876106296');
insert into school_user (username_su, first_name, last_name, password, role, birth_date, phone_number) values ('jwaithb', 'Markella', 'Bournaka', '8C3Ae6Me2', 'S', '1980-01-01', '9874162823');
insert into school_user (username_su, first_name, last_name, password, role, birth_date, phone_number) values ('rmumbesonc', 'Antonia', 'Mpalta', 'zd5LcDuM', 'T', '1980-01-01', '9874162823');
insert into school_user (username_su, first_name, last_name, password, role, birth_date, phone_number) values ('ipagittd', 'Gina', 'Alexopoulou', 'WV60FO', 'T', '1980-01-01', '9874162823');
insert into school_user (username_su, first_name, last_name, password, role, birth_date, phone_number) values ('mloukese', 'Antwnia', 'Mpalta', 'UfpC30F9zS', 'T', '1979-01-01', '3576336957');
insert into school_user (username_su, first_name, last_name, password, role, birth_date, phone_number) values ('kargravef', 'Markella', 'Mpournaka', 'e1K4qJnyy', 'S', '2006-01-01', '3576336957');
insert into school_user (username_su, first_name, last_name, password, role, birth_date, phone_number) values ('afarlhamg', 'Antonis', 'Kountouris', '6brwTxCrV', 'S', '2006-01-01', '3576336957');
insert into school_user (username_su, first_name, last_name, password, role, birth_date, phone_number) values ('dillesleyh', 'Giorgos', 'Gratsonis', 'ksYQrC0dM', 'T', '1979-01-01', '3576336957');
insert into school_user (username_su, first_name, last_name, password, role, birth_date, phone_number) values ('haronini', 'Thanasis', 'Tzellas', 'i4iYPjtzQfFd', 'S', '2006-01-01', '9874162823');
insert into school_user (username_su, first_name, last_name, password, role, birth_date, phone_number) values ('bboxallj', 'Zwi', 'Gkenakou', '7kjRt3x1x', 'S', '2007-01-01', '9874162823');

insert into book_demand (category, username_su, datetime, isbn) values ('R', 'dlehr0', '2023-01-01', '610701099-8');
insert into book_demand (category, username_su, datetime, isbn) values ('R', 'dlehr0', '2023-02-01', '982121020-1');
insert into book_demand (category, username_su, datetime, isbn) values ('R', 'ncoyne3', '2023-03-01', '982121020-1');
insert into book_demand (category, username_su, datetime, isbn) values ('B', 'dlehr0', '2023-01-01', '400402424-2');
insert into book_demand (category, username_su, datetime, isbn) values ('B', 'ncoyne3', '2023-02-01', '047797459-7');
insert into book_demand (category, username_su, datetime, isbn) values ('R', 'scordie5', '2023-03-01', '400402424-2');
insert into book_demand (category, username_su, datetime, isbn) values ('B', 'ttotterdell9', '2023-01-01', '400402424-2');
insert into book_demand (category, username_su, datetime, isbn) values ('B', 'scordie5', '2023-02-01', '338410486-2');
insert into book_demand (category, username_su, datetime, isbn) values ('B', 'ipagittd', '2023-02-01', '338410486-2');
insert into book_demand (category, username_su, datetime, isbn) values ('B', 'ttotterdell9', '2023-03-01', '338410486-2');
insert into book_demand (category, username_su, datetime, isbn) values ('R', 'haronini', '2023-01-01', '338410486-2');
insert into book_demand (category, username_su, datetime, isbn) values ('B', 'ndilliway1', '2023-01-01', '982121020-1');
insert into book_demand (category, username_su, datetime, isbn) values ('B', 'lbroadbear6', '2023-01-01', '400402424-2');

insert into genre (genre_id, category) values (1, 'Action|Sci-Fi|Thriller');
insert into genre (genre_id, category) values (2, 'Drama');
insert into genre (genre_id, category) values (3, 'Horror');
insert into genre (genre_id, category) values (4, 'Action|Drama|War');
insert into genre (genre_id, category) values (5, 'Drama|Romance|War');
insert into genre (genre_id, category) values (6, 'Children|Comedy|Drama');
insert into genre (genre_id, category) values (7, 'Comedy');
insert into genre (genre_id, category) values (8, 'Documentary');
insert into genre (genre_id, category) values (9, 'Comedy');
insert into genre (genre_id, category) values (10, 'Action|Comedy');

insert into Book_has_Genre (Book_isbn, Genre_genre_id) values ('610701099-8', 1);
insert into Book_has_Genre (Book_isbn, Genre_genre_id) values ('376737869-8', 2);
insert into Book_has_Genre (Book_isbn, Genre_genre_id) values ('242082435-0', 2);
insert into Book_has_Genre (Book_isbn, Genre_genre_id) values ('173103980-8', 4);
insert into Book_has_Genre (Book_isbn, Genre_genre_id) values ('027123908-5', 5);
insert into Book_has_Genre (Book_isbn, Genre_genre_id) values ('405843520-8', 3);
insert into Book_has_Genre (Book_isbn, Genre_genre_id) values ('338410486-2', 3);
insert into Book_has_Genre (Book_isbn, Genre_genre_id) values ('974414226-X', 3);
insert into Book_has_Genre (Book_isbn, Genre_genre_id) values ('039757430-4', 9);
insert into Book_has_Genre (Book_isbn, Genre_genre_id) values ('047797459-7', 10);
insert into Book_has_Genre (Book_isbn, Genre_genre_id) values ('982121020-1', 3);
insert into Book_has_Genre (Book_isbn, Genre_genre_id) values ('982121020-1', 1);
insert into Book_has_Genre (Book_isbn, Genre_genre_id) values ('338410486-2', 1);


insert into author (author_id, first_name, last_name) values (1, 'Rickie', 'Lingley');
insert into author (author_id, first_name, last_name) values (2, 'Doll', 'Bustard');
insert into author (author_id, first_name, last_name) values (3, 'Dorena', 'Gittoes');
insert into author (author_id, first_name, last_name) values (4, 'Guendolen', 'Sausman');
insert into author (author_id, first_name, last_name) values (5, 'Zonnya', 'Sheara');
insert into author (author_id, first_name, last_name) values (6, 'Findlay', 'Shwalbe');
insert into author (author_id, first_name, last_name) values (7, 'Guss', 'Hayller');
insert into author (author_id, first_name, last_name) values (8, 'Franklin', 'Douty');
insert into author (author_id, first_name, last_name) values (9, 'Toby', 'Brimilcombe');
insert into author (author_id, first_name, last_name) values (10, 'Nessie', 'Dovington');

insert into Book_has_Author (book_isbn, Author_author_id) values ('610701099-8', 1);
insert into Book_has_Author (book_isbn, Author_author_id) values ('400402424-2', 1);
insert into Book_has_Author (book_isbn, Author_author_id) values ('376737869-8', 2);
insert into Book_has_Author (book_isbn, Author_author_id) values ('242082435-0', 3);
insert into Book_has_Author (book_isbn, Author_author_id) values ('173103980-8', 4);
insert into Book_has_Author (book_isbn, Author_author_id) values ('027123908-5', 5);
insert into Book_has_Author (book_isbn, Author_author_id) values ('405843520-8', 6);
insert into Book_has_Author (book_isbn, Author_author_id) values ('338410486-2', 7);
insert into Book_has_Author (book_isbn, Author_author_id) values ('974414226-X', 8);
insert into Book_has_Author (book_isbn, Author_author_id) values ('039757430-4', 9);
insert into Book_has_Author (book_isbn, Author_author_id) values ('047797459-7', 10);
insert into Book_has_Author (book_isbn, Author_author_id) values ('125363014-3', 7);

insert into key_word (kw_id, phrase) values (1, 'star');
insert into key_word (kw_id, phrase) values (2, 'sun');

insert into Book_has_key_word (book_isbn, key_word_kw_id) values ('610701099-8', 1);
insert into Book_has_key_word (book_isbn, key_word_kw_id) values ('400402424-2', 1);
insert into Book_has_key_word (book_isbn, key_word_kw_id) values ('405843520-8', 2);
insert into Book_has_key_word (book_isbn, key_word_kw_id) values ('974414226-X', 2);

insert into Review (isbn, username_su, description, rating) values ('173103980-8', 'ndilliway1', 'It was very good.', 4);
insert into Review (isbn, username_su, description, rating) values ('047797459-7', 'lbroadbear6', 'It was very bad.', 2);
insert into Review (isbn, username_su, description, rating) values ('376737869-8', 'ipagittd', 'It helped me a lot', 3);
insert into Review (isbn, username_su, description, rating) values ('610701099-8', 'ctippin7', 'I enjoyed it.', 4);
insert into Review (isbn, username_su, description, rating) values ('125363014-3', 'mloukese', 'Boring.', 1); 
insert into Review (isbn, username_su, description, rating) values ('125363014-3', 'ndilliway1', 'Boring.', 1);